Instance,NumVariables,OriginalOrder,Method,Status,ReducedOrder,OrderRatio,Reduced,AuxiliaryLPTime,BasisTime,TotalTime
stein9inf,9,10,Affine FR,OPTIMAL,10,1,0,0.07326475,0.019507625,0.092772375
stein9inf,9,10,Partial FR (D),OPTIMAL,10,1,0,0.02212675,5.2125e-05,0.022178875
stein9inf,9,10,Partial FR (DD),OPTIMAL,10,1,0,0.00539533333333333,3.72916666666667e-05,0.005432625
stein15inf,15,16,Affine FR,OPTIMAL,16,1,0,0.010673625,7.4e-05,0.010747625
stein15inf,15,16,Partial FR (D),OPTIMAL,16,1,0,0.00465875,3.88333333333333e-05,0.00469758333333333
stein15inf,15,16,Partial FR (DD),OPTIMAL,16,1,0,0.00550075,4.65e-05,0.00554725
markshare_4_0,34,35,Affine FR,OPTIMAL,31,0.885714285714286,1,0.013369125,0.000195875,0.013565
markshare_4_0,34,35,Partial FR (D),OPTIMAL,35,1,0,0.0168441666666667,5.90833333333333e-05,0.01690325
markshare_4_0,34,35,Partial FR (DD),OPTIMAL,35,1,0,0.0178289166666667,5.08333333333333e-05,0.01787975
markshare_5_0,45,46,Affine FR,OPTIMAL,41,0.891304347826087,1,0.0041505,0.000192375,0.004342875
markshare_5_0,45,46,Partial FR (D),OPTIMAL,46,1,0,0.00436895833333333,4.25416666666667e-05,0.0044115
markshare_5_0,45,46,Partial FR (DD),OPTIMAL,46,1,0,0.00538604166666667,7.475e-05,0.00546079166666667
stein45inf,45,46,Affine FR,OPTIMAL,46,1,0,0.00603066666666667,5.04166666666667e-05,0.00608108333333333
stein45inf,45,46,Partial FR (D),OPTIMAL,46,1,0,0.005459875,4.1375e-05,0.00550125
stein45inf,45,46,Partial FR (DD),OPTIMAL,46,1,0,0.006557375,4.16666666666667e-05,0.00659904166666667
g503inf,48,49,Affine FR,OPTIMAL,40,0.816326530612245,1,0.00435179166666667,0.000148833333333333,0.004500625
g503inf,48,49,Partial FR (D),OPTIMAL,49,1,0,0.00491508333333333,4.7e-05,0.00496208333333333
g503inf,48,49,Partial FR (DD),OPTIMAL,49,1,0,0.00583591666666667,5.73333333333333e-05,0.00589325
gr4x6,48,49,Affine FR,OPTIMAL,40,0.816326530612245,1,0.004253125,0.000156541666666667,0.00440966666666667
gr4x6,48,49,Partial FR (D),OPTIMAL,49,1,0,0.00539070833333333,4.6e-05,0.00543670833333333
gr4x6,48,49,Partial FR (DD),OPTIMAL,49,1,0,0.00536966666666667,3.9875e-05,0.00540954166666667
markshare1,62,63,Affine FR,OPTIMAL,51,0.80952380952381,1,0.00404758333333333,0.000260333333333333,0.00430791666666667
markshare1,62,63,Partial FR (D),OPTIMAL,63,1,0,0.00521729166666667,5.725e-05,0.00527454166666667
markshare1,62,63,Partial FR (DD),OPTIMAL,63,1,0,0.00503825,5.19166666666667e-05,0.00509016666666667
neos5,63,64,Affine FR,OPTIMAL,64,1,0,0.00506779166666667,5.20833333333333e-05,0.005119875
neos5,63,64,Partial FR (D),OPTIMAL,64,1,0,0.00642675,4.2125e-05,0.006468875
neos5,63,64,Partial FR (DD),OPTIMAL,64,1,0,0.006826125,5.4375e-05,0.0068805
pb-market-split8-70-4,71,72,Affine FR,OPTIMAL,63,0.875,1,0.00512195833333333,0.00146816666666667,0.006590125
pb-market-split8-70-4,71,72,Partial FR (D),OPTIMAL,71,0.986111111111111,1,0.00644854166666667,8.69166666666667e-05,0.00653545833333333
pb-market-split8-70-4,71,72,Partial FR (DD),OPTIMAL,71,0.986111111111111,1,0.00900241666666667,5.71666666666667e-05,0.00905958333333333
markshare2,74,75,Affine FR,OPTIMAL,61,0.813333333333333,1,0.00621558333333333,0.01121925,0.0174348333333333
markshare2,74,75,Partial FR (D),OPTIMAL,75,1,0,0.00589179166666667,6.1125e-05,0.00595291666666667
markshare2,74,75,Partial FR (DD),OPTIMAL,75,1,0,0.00649554166666667,5.8625e-05,0.00655416666666667
pk1,86,87,Affine FR,OPTIMAL,72,0.827586206896552,1,0.00523533333333333,0.00276366666666667,0.007999
pk1,86,87,Partial FR (D),OPTIMAL,87,1,0,0.00556125,6.87916666666667e-05,0.00563004166666667
pk1,86,87,Partial FR (DD),OPTIMAL,87,1,0,0.005919375,4.95833333333333e-05,0.00596895833333333
b-ball,100,101,Affine FR,OPTIMAL,82,0.811881188118812,1,0.00511275,0.00525158333333333,0.0103643333333333
b-ball,100,101,Partial FR (D),OPTIMAL,101,1,0,0.00646708333333333,7.64166666666667e-05,0.0065435
b-ball,100,101,Partial FR (DD),OPTIMAL,101,1,0,0.00754408333333333,9.93333333333333e-05,0.00764341666666667
p2m2p1m1p0n100,101,102,Affine FR,OPTIMAL,100,0.980392156862745,1,0.00469225,0.00492191666666667,0.00961416666666667
p2m2p1m1p0n100,101,102,Partial FR (D),OPTIMAL,102,1,0,0.00675525,7.07916666666667e-05,0.00682604166666667
p2m2p1m1p0n100,101,102,Partial FR (DD),OPTIMAL,102,1,0,0.00935758333333333,7.67083333333333e-05,0.00943429166666667
misc05inf,136,137,Affine FR,OPTIMAL,102,0.744525547445255,1,0.00888925,0.00390304166666667,0.0127922916666667
misc05inf,136,137,Partial FR (D),OPTIMAL,135,0.985401459854015,1,0.0103974583333333,9.52916666666667e-05,0.01049275
misc05inf,136,137,Partial FR (DD),OPTIMAL,133,0.970802919708029,1,0.0120867916666667,0.00587541666666667,0.0179622083333333
v150d30-2hopcds,150,151,Affine FR,OPTIMAL,149,0.986754966887417,1,0.0672550416666667,0.00608845833333333,0.0733435
v150d30-2hopcds,150,151,Partial FR (D),OPTIMAL,151,1,0,0.043775875,0.000102291666666667,0.0438781666666667
v150d30-2hopcds,150,151,Partial FR (DD),OPTIMAL,149,0.986754966887417,1,0.0508305833333333,0.00508016666666667,0.05591075
mas74,151,152,Affine FR,OPTIMAL,152,1,0,0.00661625,9.52083333333333e-05,0.00671145833333333
mas74,151,152,Partial FR (D),OPTIMAL,152,1,0,0.010895125,0.000548166666666667,0.0114432916666667
mas74,151,152,Partial FR (DD),OPTIMAL,152,1,0,0.0112750416666667,0.00031275,0.0115877916666667
mas76,151,152,Affine FR,OPTIMAL,152,1,0,0.00635633333333333,0.000187125,0.00654345833333333
mas76,151,152,Partial FR (D),OPTIMAL,152,1,0,0.0116935,0.000143125,0.011836625
mas76,151,152,Partial FR (DD),OPTIMAL,152,1,0,0.00991325,5.40833333333333e-05,0.00996733333333333
assign1-5-8,156,157,Affine FR,OPTIMAL,127,0.808917197452229,1,0.00687245833333333,0.01005475,0.0169272083333333
assign1-5-8,156,157,Partial FR (D),OPTIMAL,157,1,0,0.01442825,5.60416666666667e-05,0.0144842916666667
assign1-5-8,156,157,Partial FR (DD),OPTIMAL,157,1,0,0.013806875,6.4375e-05,0.01387125
neos-5192052-neckar,180,181,Affine FR,OPTIMAL,161,0.889502762430939,1,0.00470175,0.00494666666666667,0.00964841666666667
neos-5192052-neckar,180,181,Partial FR (D),OPTIMAL,181,1,0,0.00876508333333333,6.30833333333333e-05,0.00882816666666667
neos-5192052-neckar,180,181,Partial FR (DD),OPTIMAL,181,1,0,0.00975520833333333,6.775e-05,0.00982295833333333
neos-3135526-osun,192,193,Affine FR,OPTIMAL,162,0.839378238341969,1,0.0267298333333333,0.01329775,0.0400275833333333
neos-3135526-osun,192,193,Partial FR (D),OPTIMAL,193,1,0,0.021480875,7.30833333333333e-05,0.0215539583333333
neos-3135526-osun,192,193,Partial FR (DD),OPTIMAL,193,1,0,0.026878625,8.2375e-05,0.026961
neos-5140963-mincio,196,197,Affine FR,OPTIMAL,170,0.862944162436548,1,0.006603875,0.006918,0.013521875
neos-5140963-mincio,196,197,Partial FR (D),OPTIMAL,197,1,0,0.0121335833333333,6.99583333333333e-05,0.0122035416666667
neos-5140963-mincio,196,197,Partial FR (DD),OPTIMAL,197,1,0,0.0131589583333333,6.74166666666667e-05,0.013226375
2club200v15p5scn,200,201,Affine FR,OPTIMAL,201,1,0,0.03121975,8.26666666666667e-05,0.0313024166666667
2club200v15p5scn,200,201,Partial FR (D),OPTIMAL,201,1,0,0.026063625,7.46666666666667e-05,0.0261382916666667
2club200v15p5scn,200,201,Partial FR (DD),OPTIMAL,201,1,0,0.02641825,8.3625e-05,0.026501875
p0201,201,202,Affine FR,OPTIMAL,146,0.722772277227723,1,0.00724625,0.00502266666666667,0.0122689166666667
p0201,201,202,Partial FR (D),OPTIMAL,202,1,0,0.012841875,7.25e-05,0.012914375
p0201,201,202,Partial FR (DD),OPTIMAL,202,1,0,0.013883625,6.2625e-05,0.01394625
glass-sc,214,215,Affine FR,OPTIMAL,215,1,0,0.0323293333333333,8.28333333333333e-05,0.0324121666666667
glass-sc,214,215,Partial FR (D),OPTIMAL,215,1,0,0.0312452916666667,7.70833333333333e-05,0.031322375
glass-sc,214,215,Partial FR (DD),OPTIMAL,215,1,0,0.0474182083333333,9.16666666666667e-05,0.047509875
iis-glass-cov,214,215,Affine FR,OPTIMAL,215,1,0,0.032415625,8.8875e-05,0.0325045
iis-glass-cov,214,215,Partial FR (D),OPTIMAL,215,1,0,0.0334845833333333,8.88333333333333e-05,0.0335734166666667
iis-glass-cov,214,215,Partial FR (DD),OPTIMAL,215,1,0,0.0374360833333333,0.000105125,0.0375412083333333
mad,220,221,Affine FR,OPTIMAL,191,0.864253393665158,1,0.00795179166666667,0.0132628333333333,0.021214625
mad,220,221,Partial FR (D),OPTIMAL,221,1,0,0.0145638333333333,9.1e-05,0.0146548333333333
mad,220,221,Partial FR (DD),OPTIMAL,221,1,0,0.0163927083333333,7.40833333333333e-05,0.0164667916666667
gsvm2rl3,241,242,Affine FR,OPTIMAL,242,1,0,0.00636358333333333,0.000139416666666667,0.006503
gsvm2rl3,241,242,Partial FR (D),OPTIMAL,242,1,0,0.0143400416666667,0.000180333333333333,0.014520375
gsvm2rl3,241,242,Partial FR (DD),OPTIMAL,242,1,0,0.0162709583333333,0.000118083333333333,0.0163890416666667
prod1,250,251,Affine FR,OPTIMAL,243,0.968127490039841,1,0.00985395833333333,0.0268097916666667,0.03666375
prod1,250,251,Partial FR (D),OPTIMAL,251,1,0,0.018777875,9.8125e-05,0.018876
prod1,250,251,Partial FR (DD),OPTIMAL,251,1,0,0.01948,0.00022275,0.01970275
neos-3754480-nidda,253,254,Affine FR,OPTIMAL,254,1,0,0.00704595833333333,0.000195416666666667,0.007241375
neos-3754480-nidda,253,254,Partial FR (D),OPTIMAL,254,1,0,0.0150780416666667,0.000134625,0.0152126666666667
neos-3754480-nidda,253,254,Partial FR (DD),OPTIMAL,254,1,0,0.0169165416666667,0.000156,0.0170725416666667
misc07,260,261,Affine FR,OPTIMAL,208,0.796934865900383,1,0.00905891666666667,0.0121937083333333,0.021252625
misc07,260,261,Partial FR (D),OPTIMAL,240,0.919540229885057,1,0.0191235,0.000288875,0.019412375
misc07,260,261,Partial FR (DD),OPTIMAL,240,0.919540229885057,1,0.021131125,0.000213458333333333,0.0213445833333333
iis-hc-cov,297,298,Affine FR,OPTIMAL,298,1,0,0.0643049583333333,0.00022175,0.0645267083333333
iis-hc-cov,297,298,Partial FR (D),OPTIMAL,298,1,0,0.0589994166666667,0.000154583333333333,0.059154
iis-hc-cov,297,298,Partial FR (DD),OPTIMAL,298,1,0,0.0755862083333333,0.000216833333333333,0.0758030416666667
prod2,301,302,Affine FR,OPTIMAL,291,0.963576158940397,1,0.012471875,0.01533425,0.027806125
prod2,301,302,Partial FR (D),OPTIMAL,302,1,0,0.0231329166666667,0.000167541666666667,0.0233004583333333
prod2,301,302,Partial FR (DD),OPTIMAL,302,1,0,0.025316,0.00024275,0.02555875
supportcase14,304,305,Affine FR,OPTIMAL,179,0.586885245901639,1,0.0108411666666667,0.0119002083333333,0.022741375
supportcase14,304,305,Partial FR (D),OPTIMAL,258,0.845901639344262,1,0.0233495416666667,0.000254958333333333,0.0236045
supportcase14,304,305,Partial FR (DD),OPTIMAL,255,0.836065573770492,1,0.0336834583333333,0.00534625,0.0390297083333333
neos-1430701,312,313,Affine FR,OPTIMAL,313,1,0,0.005798375,0.000176583333333333,0.00597495833333333
neos-1430701,312,313,Partial FR (D),OPTIMAL,313,1,0,0.016998,0.00014775,0.01714575
neos-1430701,312,313,Partial FR (DD),OPTIMAL,313,1,0,0.0176396666666667,0.000195791666666667,0.0178354583333333
mod008inf,319,320,Affine FR,OPTIMAL,320,1,0,0.0079795,0.000229458333333333,0.00820895833333333
mod008inf,319,320,Partial FR (D),OPTIMAL,320,1,0,0.0219357916666667,0.000232,0.0221677916666667
mod008inf,319,320,Partial FR (DD),OPTIMAL,320,1,0,0.0271435,0.000216166666666667,0.0273596666666667
supportcase16,319,320,Affine FR,OPTIMAL,193,0.603125,1,0.00970370833333333,0.0136850416666667,0.02338875
supportcase16,319,320,Partial FR (D),OPTIMAL,277,0.865625,1,0.030045875,0.00029175,0.030337625
supportcase16,319,320,Partial FR (DD),OPTIMAL,274,0.85625,1,0.0381690833333333,0.00918525,0.0473543333333333
probportfolio,320,321,Affine FR,OPTIMAL,320,0.996884735202492,1,0.0258225,0.0160648333333333,0.0418873333333333
probportfolio,320,321,Partial FR (D),OPTIMAL,321,1,0,0.0331642916666667,0.000232458333333333,0.03339675
probportfolio,320,321,Partial FR (DD),OPTIMAL,321,1,0,0.033507375,0.00018875,0.033696125
glass4,322,323,Affine FR,OPTIMAL,286,0.885448916408669,1,0.008622875,0.0126017083333333,0.0212245833333333
glass4,322,323,Partial FR (D),OPTIMAL,323,1,0,0.0219615833333333,0.0001815,0.0221430833333333
glass4,322,323,Partial FR (DD),OPTIMAL,323,1,0,0.024627125,0.00018325,0.024810375
control30-3-2-3,332,333,Affine FR,OPTIMAL,179,0.537537537537538,1,0.0137024583333333,0.0279666666666667,0.041669125
control30-3-2-3,332,333,Partial FR (D),OPTIMAL,333,1,0,0.0233330416666667,0.000181291666666667,0.0235143333333333
control30-3-2-3,332,333,Partial FR (DD),OPTIMAL,333,1,0,0.0243607916666667,0.00017725,0.0245380416666667
ran13x13,338,339,Affine FR,OPTIMAL,314,0.926253687315634,1,0.007670875,0.0294146666666667,0.0370855416666667
ran13x13,338,339,Partial FR (D),OPTIMAL,339,1,0,0.0235679583333333,0.000172375,0.0237403333333333
ran13x13,338,339,Partial FR (DD),OPTIMAL,339,1,0,0.0259338333333333,0.000242666666666667,0.0261765
pigeon-08,344,345,Affine FR,OPTIMAL,305,0.884057971014493,1,0.00751316666666667,0.024515125,0.0320282916666667
pigeon-08,344,345,Partial FR (D),OPTIMAL,345,1,0,0.0232624166666667,0.000260666666666667,0.0235230833333333
pigeon-08,344,345,Partial FR (DD),OPTIMAL,345,1,0,0.025539375,0.000309291666666667,0.0258486666666667
23588,368,369,Affine FR,OPTIMAL,232,0.628726287262873,1,0.017704375,0.0173034583333333,0.0350078333333333
23588,368,369,Partial FR (D),OPTIMAL,369,1,0,0.0330425833333333,0.000342916666666667,0.0333855
23588,368,369,Partial FR (DD),OPTIMAL,369,1,0,0.0389881666666667,0.000210833333333333,0.039199
nsa,388,389,Affine FR,OPTIMAL,352,0.904884318766067,1,0.0124312916666667,0.029159125,0.0415904166666667
nsa,388,389,Partial FR (D),OPTIMAL,389,1,0,0.0282053333333333,0.000335541666666667,0.028540875
nsa,388,389,Partial FR (DD),OPTIMAL,389,1,0,0.0299681666666667,0.000356541666666667,0.0303247083333333
beavma,390,391,Affine FR,OPTIMAL,303,0.774936061381074,1,0.0119407083333333,0.0155490833333333,0.0274897916666667
beavma,390,391,Partial FR (D),OPTIMAL,391,1,0,0.0296753333333333,0.000285666666666667,0.029961
beavma,390,391,Partial FR (DD),OPTIMAL,391,1,0,0.0324699166666667,0.000235083333333333,0.032705
f2gap40400,400,401,Affine FR,OPTIMAL,401,1,0,0.0161290416666667,0.0003275,0.0164565416666667
f2gap40400,400,401,Partial FR (D),OPTIMAL,401,1,0,0.0355644583333333,0.000307083333333333,0.0358715416666667
f2gap40400,400,401,Partial FR (DD),OPTIMAL,401,1,0,0.061595375,0.000244291666666667,0.0618396666666667
gsvm2rl5,401,402,Affine FR,OPTIMAL,402,1,0,0.010529625,0.000298916666666667,0.0108285416666667
gsvm2rl5,401,402,Partial FR (D),OPTIMAL,402,1,0,0.0312955416666667,0.000278125,0.0315736666666667
gsvm2rl5,401,402,Partial FR (DD),OPTIMAL,402,1,0,0.0324295416666667,0.000274125,0.0327036666666667
neos-3611689-kaihu,421,422,Affine FR,OPTIMAL,421,0.997630331753555,1,0.00722670833333333,0.01616025,0.0233869583333333
neos-3611689-kaihu,421,422,Partial FR (D),OPTIMAL,422,1,0,0.0302702916666667,0.000318958333333333,0.03058925
neos-3611689-kaihu,421,422,Partial FR (DD),OPTIMAL,422,1,0,0.0318239166666667,0.000249625,0.0320735416666667
22433,429,430,Affine FR,OPTIMAL,232,0.53953488372093,1,0.0553035416666667,0.0212947916666667,0.0765983333333333
22433,429,430,Partial FR (D),OPTIMAL,430,1,0,0.041897875,0.000449458333333333,0.0423473333333333
22433,429,430,Partial FR (DD),OPTIMAL,430,1,0,0.0511099166666667,0.000454416666666667,0.0515643333333333
neos-3610040-iskar,430,431,Affine FR,OPTIMAL,430,0.997679814385151,1,0.00930029166666667,0.036441125,0.0457414166666667
neos-3610040-iskar,430,431,Partial FR (D),OPTIMAL,431,1,0,0.030796,0.000322708333333333,0.0311187083333333
neos-3610040-iskar,430,431,Partial FR (DD),OPTIMAL,431,1,0,0.03311325,0.00032675,0.03344
supportcase26,436,437,Affine FR,OPTIMAL,437,1,0,0.00992154166666667,0.000355333333333333,0.010276875
supportcase26,436,437,Partial FR (D),OPTIMAL,437,1,0,0.038352,0.00031225,0.03866425
supportcase26,436,437,Partial FR (DD),OPTIMAL,437,1,0,0.0452476666666667,0.00037925,0.0456269166666667
rlp1,461,462,Affine FR,OPTIMAL,364,0.787878787878788,1,0.00776254166666667,0.0363155416666667,0.0440780833333333
rlp1,461,462,Partial FR (D),OPTIMAL,372,0.805194805194805,1,0.03550825,0.00063875,0.036147
rlp1,461,462,Partial FR (DD),OPTIMAL,372,0.805194805194805,1,0.0402420416666667,0.000573458333333333,0.0408155
neos-3611447-jijia,472,473,Affine FR,OPTIMAL,472,0.997885835095137,1,0.00821775,0.0348660833333333,0.0430838333333333
neos-3611447-jijia,472,473,Partial FR (D),OPTIMAL,473,1,0,0.0355714583333333,0.000317291666666667,0.03588875
neos-3611447-jijia,472,473,Partial FR (DD),OPTIMAL,473,1,0,0.0385431666666667,0.000363875,0.0389070416666667
k16x240b,480,481,Affine FR,OPTIMAL,466,0.968814968814969,1,0.00826291666666667,0.0288687083333333,0.037131625
k16x240b,480,481,Partial FR (D),OPTIMAL,481,1,0,0.039054125,0.000376291666666667,0.0394304166666667
k16x240b,480,481,Partial FR (DD),OPTIMAL,481,1,0,0.0412217083333333,0.000342833333333333,0.0415645416666667
nexp-50-20-1-1,490,491,Affine FR,OPTIMAL,462,0.940936863543788,1,0.00986483333333333,0.0407744166666667,0.05063925
nexp-50-20-1-1,490,491,Partial FR (D),OPTIMAL,491,1,0,0.0394088333333333,0.000465041666666667,0.039873875
nexp-50-20-1-1,490,491,Partial FR (DD),OPTIMAL,489,0.995926680244399,1,0.042793375,0.0128387083333333,0.0556320833333333
pigeon-10,490,491,Affine FR,OPTIMAL,441,0.89816700610998,1,0.0100066666666667,0.0431027916666667,0.0531094583333333
pigeon-10,490,491,Partial FR (D),OPTIMAL,491,1,0,0.0433647916666667,0.000571375,0.0439361666666667
pigeon-10,490,491,Partial FR (DD),OPTIMAL,491,1,0,0.0452515,0.000374083333333333,0.0456255833333333
neos-2629914-sudost,496,497,Affine FR,OPTIMAL,466,0.937625754527163,1,0.0730350416666667,0.0278106666666667,0.100845708333333
neos-2629914-sudost,496,497,Partial FR (D),OPTIMAL,497,1,0,0.0787744583333333,0.000531125,0.0793055833333333
neos-2629914-sudost,496,497,Partial FR (DD),OPTIMAL,497,1,0,0.0841733333333333,0.000451583333333333,0.0846249166666667
ran12x21,504,505,Affine FR,OPTIMAL,473,0.936633663366337,1,0.00971183333333333,0.0396925416666667,0.049404375
ran12x21,504,505,Partial FR (D),OPTIMAL,505,1,0,0.043979875,0.00041925,0.044399125
ran12x21,504,505,Partial FR (DD),OPTIMAL,505,1,0,0.0492794583333333,0.00039825,0.0496777083333333
ran14x18-disj-8,504,505,Affine FR,OPTIMAL,474,0.938613861386139,1,0.0142737916666667,0.027342625,0.0416164166666667
ran14x18-disj-8,504,505,Partial FR (D),OPTIMAL,505,1,0,0.04933925,0.000487041666666667,0.0498262916666667
ran14x18-disj-8,504,505,Partial FR (DD),OPTIMAL,505,1,0,0.054472,0.000408875,0.054880875
bienst1,505,506,Affine FR,OPTIMAL,379,0.74901185770751,1,0.0106515833333333,0.0378212083333333,0.0484727916666667
bienst1,505,506,Partial FR (D),OPTIMAL,506,1,0,0.0422895416666667,0.000385708333333333,0.04267525
bienst1,505,506,Partial FR (DD),OPTIMAL,506,1,0,0.0441184166666667,0.000369416666666667,0.0444878333333333
bienst2,505,506,Affine FR,OPTIMAL,379,0.74901185770751,1,0.0101929583333333,0.0280154166666667,0.038208375
bienst2,505,506,Partial FR (D),OPTIMAL,506,1,0,0.0414253333333333,0.000455666666666667,0.041881
bienst2,505,506,Partial FR (DD),OPTIMAL,506,1,0,0.0438170416666667,0.000394916666666667,0.0442119583333333
newdano,505,506,Affine FR,OPTIMAL,379,0.74901185770751,1,0.00979075,0.0293302916666667,0.0391210416666667
newdano,505,506,Partial FR (D),OPTIMAL,506,1,0,0.0422153333333333,0.000461833333333333,0.0426771666666667
newdano,505,506,Partial FR (DD),OPTIMAL,506,1,0,0.04339975,0.000471541666666667,0.0438712916666667
milo-v13-4-3d-3-0,516,517,Affine FR,OPTIMAL,181,0.350096711798839,1,0.0136955833333333,0.0355013333333333,0.0491969166666667
milo-v13-4-3d-3-0,516,517,Partial FR (D),OPTIMAL,517,1,0,0.05715525,0.000495458333333333,0.0576507083333333
milo-v13-4-3d-3-0,516,517,Partial FR (DD),OPTIMAL,517,1,0,0.0663996666666667,0.000390833333333333,0.0667905
fhnw-binpack4-18,520,521,Affine FR,OPTIMAL,521,1,0,0.0158152916666667,0.000679166666666667,0.0164944583333333
fhnw-binpack4-18,520,521,Partial FR (D),OPTIMAL,521,1,0,0.0578735833333333,0.0004255,0.0582990833333333
fhnw-binpack4-18,520,521,Partial FR (DD),OPTIMAL,521,1,0,0.0696749583333333,0.000582208333333333,0.0702571666666667
fhnw-binpack4-4,520,521,Affine FR,OPTIMAL,521,1,0,0.0139660416666667,0.000479916666666667,0.0144459583333333
fhnw-binpack4-4,520,521,Partial FR (D),OPTIMAL,521,1,0,0.0579204583333333,0.000508625,0.0584290833333333
fhnw-binpack4-4,520,521,Partial FR (DD),OPTIMAL,521,1,0,0.0664619166666667,0.000501958333333333,0.066963875
danoint,521,522,Affine FR,OPTIMAL,379,0.726053639846743,1,0.0201635,0.0280264166666667,0.0481899166666667
danoint,521,522,Partial FR (D),OPTIMAL,522,1,0,0.060825625,0.0004575,0.061283125
danoint,521,522,Partial FR (DD),OPTIMAL,522,1,0,0.061764125,0.000420416666666667,0.0621845416666667
neos-480878,534,535,Affine FR,OPTIMAL,499,0.932710280373832,1,0.023928375,0.0225357916666667,0.0464641666666667
neos-480878,534,535,Partial FR (D),OPTIMAL,535,1,0,0.0632797083333333,0.000396541666666667,0.06367625
neos-480878,534,535,Partial FR (DD),OPTIMAL,535,1,0,0.0700124583333333,0.000421208333333333,0.0704336666666667
neos17,535,536,Affine FR,OPTIMAL,511,0.953358208955224,1,0.0114437916666667,0.0204204583333333,0.03186425
neos17,535,536,Partial FR (D),OPTIMAL,536,1,0,0.0567672916666667,0.000491416666666667,0.0572587083333333
neos17,535,536,Partial FR (DD),OPTIMAL,536,1,0,0.0616552083333333,0.000402333333333333,0.0620575416666667
dcmulti,548,549,Affine FR,OPTIMAL,471,0.85792349726776,1,0.014607625,0.02413525,0.038742875
dcmulti,548,549,Partial FR (D),OPTIMAL,549,1,0,0.0551026666666667,0.000492583333333333,0.05559525
dcmulti,548,549,Partial FR (DD),OPTIMAL,549,1,0,0.061820625,0.000448875,0.0622695
assign1-10-4,572,573,Affine FR,OPTIMAL,512,0.893542757417103,1,0.0240420833333333,0.0281206666666667,0.05216275
assign1-10-4,572,573,Partial FR (D),OPTIMAL,573,1,0,0.129124625,0.000485291666666667,0.129609916666667
assign1-10-4,572,573,Partial FR (DD),OPTIMAL,573,1,0,0.0777038333333333,0.000508416666666667,0.07821225
neos-3072252-nete,576,577,Affine FR,OPTIMAL,434,0.752166377816291,1,0.01064625,0.0283497916666667,0.0389960416666667
neos-3072252-nete,576,577,Partial FR (D),OPTIMAL,577,1,0,0.0633822083333333,0.000544541666666667,0.06392675
neos-3072252-nete,576,577,Partial FR (DD),OPTIMAL,577,1,0,0.0702003333333333,0.000475208333333333,0.0706755416666667
sp150x300d,600,601,Affine FR,OPTIMAL,452,0.752079866888519,1,0.0112426666666667,0.034584375,0.0458270416666667
sp150x300d,600,601,Partial FR (D),OPTIMAL,601,1,0,0.0720570833333333,0.000513708333333333,0.0725707916666667
sp150x300d,600,601,Partial FR (DD),OPTIMAL,601,1,0,0.0787989166666667,0.00048575,0.0792846666666667
rd-rplusc-21,622,623,Affine FR,OPTIMAL,485,0.778491171749599,1,0.266407708333333,0.0319553333333333,0.298363041666667
rd-rplusc-21,622,623,Partial FR (D),OPTIMAL,623,1,0,0.231746958333333,0.000806166666666667,0.232553125
rd-rplusc-21,622,623,Partial FR (DD),OPTIMAL,623,1,0,0.231418708333333,0.000697125,0.232115833333333
milo-v13-4-3d-4-0,688,689,Affine FR,OPTIMAL,241,0.34978229317852,1,0.0191608333333333,0.0378715,0.0570323333333333
milo-v13-4-3d-4-0,688,689,Partial FR (D),OPTIMAL,689,1,0,0.0932789166666667,0.000668875,0.0939477916666667
milo-v13-4-3d-4-0,688,689,Partial FR (DD),OPTIMAL,689,1,0,0.103224333333333,0.00108195833333333,0.104306291666667
r50x360,720,721,Affine FR,OPTIMAL,672,0.932038834951456,1,0.0102277083333333,0.0366560416666667,0.04688375
r50x360,720,721,Partial FR (D),OPTIMAL,721,1,0,0.0917965416666667,0.000780625,0.0925771666666667
r50x360,720,721,Partial FR (DD),OPTIMAL,721,1,0,0.100163125,0.000723208333333333,0.100886333333333
neos-1442119,728,729,Affine FR,OPTIMAL,729,1,0,0.007733875,0.000925166666666667,0.00865904166666667
neos-1442119,728,729,Partial FR (D),OPTIMAL,729,1,0,0.08534,0.000778958333333333,0.0861189583333333
neos-1442119,728,729,Partial FR (DD),OPTIMAL,729,1,0,0.0889527083333333,0.000727791666666667,0.0896805
pigeon-13,754,755,Affine FR,OPTIMAL,690,0.913907284768212,1,0.0124585416666667,0.0588279166666667,0.0712864583333333
pigeon-13,754,755,Partial FR (D),OPTIMAL,755,1,0,0.103908458333333,0.000811208333333333,0.104719666666667
pigeon-13,754,755,Partial FR (DD),OPTIMAL,755,1,0,0.111160375,0.00100691666666667,0.112167291666667
opt1217,769,770,Affine FR,OPTIMAL,722,0.937662337662338,1,0.0080495,0.047622625,0.055672125
opt1217,769,770,Partial FR (D),OPTIMAL,770,1,0,0.101060708333333,0.000782625,0.101843333333333
opt1217,769,770,Partial FR (DD),OPTIMAL,770,1,0,0.110222125,0.000788833333333333,0.111010958333333
fastxgemm-n2r6s0t2,784,785,Affine FR,OPTIMAL,641,0.81656050955414,1,0.0223735,0.0518510833333333,0.0742245833333333
fastxgemm-n2r6s0t2,784,785,Partial FR (D),OPTIMAL,785,1,0,0.12152675,0.00100779166666667,0.122534541666667
fastxgemm-n2r6s0t2,784,785,Partial FR (DD),OPTIMAL,785,1,0,0.124012166666667,0.00085275,0.124864916666667
bg512142,792,793,Affine FR,OPTIMAL,543,0.684741488020177,1,0.0154775833333333,0.041511,0.0569885833333333
bg512142,792,793,Partial FR (D),OPTIMAL,793,1,0,0.11043525,0.000835583333333333,0.111270833333333
bg512142,792,793,Partial FR (DD),OPTIMAL,783,0.987389659520807,1,0.126087958333333,0.041041,0.167128958333333
gsvm2rl9,801,802,Affine FR,OPTIMAL,802,1,0,0.0281792083333333,0.00104379166666667,0.029223
gsvm2rl9,801,802,Partial FR (D),OPTIMAL,802,1,0,0.123959791666667,0.000888166666666667,0.124847958333333
gsvm2rl9,801,802,Partial FR (DD),OPTIMAL,802,1,0,0.127250791666667,0.00107533333333333,0.128326125
neos-3610051-istra,805,806,Affine FR,OPTIMAL,805,0.998759305210918,1,0.009521875,0.0537777083333333,0.0632995833333333
neos-3610051-istra,805,806,Partial FR (D),OPTIMAL,806,1,0,0.108472625,0.00114341666666667,0.109616041666667
neos-3610051-istra,805,806,Partial FR (DD),OPTIMAL,806,1,0,0.11167475,0.000980125,0.112654875
mine-166-5,830,831,Affine FR,OPTIMAL,831,1,0,0.0156289583333333,0.00106925,0.0166982083333333
mine-166-5,830,831,Partial FR (D),OPTIMAL,831,1,0,0.180404958333333,0.00089325,0.181298208333333
mine-166-5,830,831,Partial FR (DD),OPTIMAL,831,1,0,0.136909791666667,0.00110216666666667,0.138011958333333
qiu,840,841,Affine FR,OPTIMAL,709,0.843043995243757,1,0.0101389166666667,0.0496802916666667,0.0598192083333333
qiu,840,841,Partial FR (D),OPTIMAL,841,1,0,0.121705,0.000982041666666667,0.122687041666667
qiu,840,841,Partial FR (DD),OPTIMAL,841,1,0,0.12632925,0.00103575,0.127365
aflow30a,842,843,Affine FR,OPTIMAL,785,0.931198102016607,1,0.0217312916666667,0.080402,0.102133291666667
aflow30a,842,843,Partial FR (D),OPTIMAL,843,1,0,0.119254458333333,0.000911958333333333,0.120166416666667
aflow30a,842,843,Partial FR (DD),OPTIMAL,843,1,0,0.125862625,0.001094625,0.12695725
neos-3610173-itata,844,845,Affine FR,OPTIMAL,844,0.998816568047337,1,0.00902,0.0510830416666667,0.0601030416666667
neos-3610173-itata,844,845,Partial FR (D),OPTIMAL,845,1,0,0.117122458333333,0.00101108333333333,0.118133541666667
neos-3610173-itata,844,845,Partial FR (DD),OPTIMAL,845,1,0,0.121464916666667,0.000907875,0.122372791666667
neos-911970,888,889,Affine FR,OPTIMAL,854,0.960629921259842,1,0.00718025,0.116744416666667,0.123924666666667
neos-911970,888,889,Partial FR (D),OPTIMAL,889,1,0,0.133482541666667,0.00116145833333333,0.134644
neos-911970,888,889,Partial FR (DD),OPTIMAL,889,1,0,0.133409208333333,0.000993583333333333,0.134402791666667
mine-90-10,900,901,Affine FR,OPTIMAL,901,1,0,0.0127054583333333,0.001253,0.0139584583333333
mine-90-10,900,901,Partial FR (D),OPTIMAL,901,1,0,0.152270125,0.00117625,0.153446375
mine-90-10,900,901,Partial FR (DD),OPTIMAL,901,1,0,0.15017775,0.001054875,0.151232625
queens-30,900,901,Affine FR,OPTIMAL,901,1,0,0.0215931666666667,0.00110870833333333,0.022701875
queens-30,900,901,Partial FR (D),OPTIMAL,901,1,0,0.136164291666667,0.00109008333333333,0.137254375
queens-30,900,901,Partial FR (DD),OPTIMAL,901,1,0,0.146458666666667,0.00112970833333333,0.147588375
supportcase20,903,904,Affine FR,OPTIMAL,601,0.664823008849557,1,0.0447991666666667,0.06185125,0.106650416666667
supportcase20,903,904,Partial FR (D),OPTIMAL,904,1,0,0.176435333333333,0.00108354166666667,0.177518875
supportcase20,903,904,Partial FR (DD),OPTIMAL,904,1,0,0.17837425,0.001275,0.17964925
fastxgemm-n2r7s4t1,904,905,Affine FR,OPTIMAL,737,0.814364640883978,1,0.024213375,0.057864375,0.08207775
fastxgemm-n2r7s4t1,904,905,Partial FR (D),OPTIMAL,905,1,0,0.148931958333333,0.001136625,0.150068583333333
fastxgemm-n2r7s4t1,904,905,Partial FR (DD),OPTIMAL,905,1,0,0.153528458333333,0.00119779166666667,0.15472625
ponderthis0517-inf,975,976,Affine FR,OPTIMAL,899,0.921106557377049,1,0.0206247083333333,0.0670054583333333,0.0876301666666667
ponderthis0517-inf,975,976,Partial FR (D),OPTIMAL,976,1,0,0.194243416666667,0.00129108333333333,0.1955345
ponderthis0517-inf,975,976,Partial FR (DD),OPTIMAL,976,1,0,0.200521791666667,0.00137720833333333,0.201899
exp-1-500-5-5,990,991,Affine FR,OPTIMAL,741,0.747729566094854,1,0.0221298333333333,0.0839011666666667,0.106031
exp-1-500-5-5,990,991,Partial FR (D),OPTIMAL,991,1,0,0.176306583333333,0.0014695,0.177776083333333
exp-1-500-5-5,990,991,Partial FR (DD),OPTIMAL,991,1,0,0.186062666666667,0.00161766666666667,0.187680333333333
neos-4333596-skien,1005,1006,Affine FR,OPTIMAL,753,0.748508946322068,1,0.0315472916666667,0.077057,0.108604291666667
neos-4333596-skien,1005,1006,Partial FR (D),OPTIMAL,1006,1,0,0.193482375,0.00131770833333333,0.194800083333333
neos-4333596-skien,1005,1006,Partial FR (DD),OPTIMAL,1006,1,0,0.210151083333333,0.00145345833333333,0.211604541666667
cod105,1024,1025,Affine FR,OPTIMAL,1025,1,0,0.0145189166666667,0.00295908333333333,0.017478
cod105,1024,1025,Partial FR (D),OPTIMAL,1025,1,0,0.18496525,0.00135925,0.1863245
cod105,1024,1025,Partial FR (DD),OPTIMAL,1025,1,0,0.183087958333333,0.00153616666666667,0.184624125
sorrell3,1024,1025,Affine FR,OPTIMAL,1025,1,0,0.170655916666667,0.00156691666666667,0.172222833333333
sorrell3,1024,1025,Partial FR (D),OPTIMAL,1025,1,0,0.264255791666667,0.001703375,0.265959166666667
sorrell3,1024,1025,Partial FR (DD),OPTIMAL,1025,1,0,0.2734145,0.001388875,0.274803375
supportcase30,1024,1025,Affine FR,OPTIMAL,1021,0.99609756097561,1,0.0394614583333333,0.0711611666666667,0.110622625
supportcase30,1024,1025,Partial FR (D),OPTIMAL,1025,1,0,0.189616291666667,0.00131120833333333,0.1909275
supportcase30,1024,1025,Partial FR (DD),OPTIMAL,1025,1,0,0.192359666666667,0.00139641666666667,0.193756083333333
neos-807639,1030,1031,Affine FR,OPTIMAL,181,0.175557710960233,1,0.0322414583333333,0.0941228333333333,0.126364291666667
neos-807639,1030,1031,Partial FR (D),OPTIMAL,1031,1,0,0.1934395,0.00130554166666667,0.194745041666667
neos-807639,1030,1031,Partial FR (DD),OPTIMAL,1031,1,0,0.194151708333333,0.00139116666666667,0.195542875
pigeon-16,1072,1073,Affine FR,OPTIMAL,993,0.925442684063374,1,0.017026625,0.0902125833333333,0.107239208333333
pigeon-16,1072,1073,Partial FR (D),OPTIMAL,1073,1,0,0.213476291666667,0.00139720833333333,0.2148735
pigeon-16,1072,1073,Partial FR (DD),OPTIMAL,1073,1,0,0.212743625,0.00139608333333333,0.214139708333333
tr12-30,1080,1081,Affine FR,OPTIMAL,721,0.666975023126735,1,0.0396455,0.09630675,0.13595225
tr12-30,1080,1081,Partial FR (D),OPTIMAL,1081,1,0,0.211689166666667,0.00144370833333333,0.213132875
tr12-30,1080,1081,Partial FR (DD),OPTIMAL,1081,1,0,0.218471791666667,0.00186604166666667,0.220337833333333
berlin_5_8_0,1083,1084,Affine FR,OPTIMAL,989,0.912361623616236,1,0.0325919583333333,0.091062625,0.123654583333333
berlin_5_8_0,1083,1084,Partial FR (D),OPTIMAL,1084,1,0,0.258492041666667,0.00159295833333333,0.260085
berlin_5_8_0,1083,1084,Partial FR (DD),OPTIMAL,1084,1,0,0.296597833333333,0.00196008333333333,0.298557916666667
neos-631517,1090,1091,Affine FR,OPTIMAL,924,0.846929422548121,1,0.00790170833333333,0.0871830416666667,0.09508475
neos-631517,1090,1091,Partial FR (D),OPTIMAL,1091,1,0,0.209353375,0.00142879166666667,0.210782166666667
neos-631517,1090,1091,Partial FR (DD),OPTIMAL,1091,1,0,0.210616458333333,0.00147720833333333,0.212093666666667
neos-3118745-obra,1131,1132,Affine FR,OPTIMAL,1131,0.999116607773852,1,0.0186457083333333,0.0892920416666667,0.10793775
neos-3118745-obra,1131,1132,Partial FR (D),OPTIMAL,1132,1,0,0.214750083333333,0.00167791666666667,0.216428
neos-3118745-obra,1131,1132,Partial FR (DD),OPTIMAL,1132,1,0,0.211096875,0.00158954166666667,0.212686416666667
reblock115,1150,1151,Affine FR,OPTIMAL,1151,1,0,0.0116247083333333,0.00478629166666667,0.016411
reblock115,1150,1151,Partial FR (D),OPTIMAL,1151,1,0,0.249209041666667,0.00192083333333333,0.251129875
reblock115,1150,1151,Partial FR (DD),OPTIMAL,1151,1,0,0.24434775,0.00179420833333333,0.246141958333333
liu,1156,1157,Affine FR,OPTIMAL,1157,1,0,0.0192614166666667,0.00381420833333333,0.023075625
liu,1156,1157,Partial FR (D),OPTIMAL,1157,1,0,0.264825875,0.00197329166666667,0.266799166666667
liu,1156,1157,Partial FR (DD),OPTIMAL,1157,1,0,0.250641375,0.00188216666666667,0.252523541666667
neos-1396125,1161,1162,Affine FR,OPTIMAL,781,0.672117039586919,1,0.0304987083333333,0.11378175,0.144280458333333
neos-1396125,1161,1162,Partial FR (D),OPTIMAL,1162,1,0,0.276624041666667,0.00161425,0.278238291666667
neos-1396125,1161,1162,Partial FR (DD),OPTIMAL,1162,1,0,0.254371333333333,0.00171058333333333,0.256081916666667
gmu-35-40,1205,1206,Affine FR,OPTIMAL,1201,0.995854063018242,1,0.01181475,0.100617333333333,0.112432083333333
gmu-35-40,1205,1206,Partial FR (D),OPTIMAL,1206,1,0,0.271568041666667,0.00195204166666667,0.273520083333333
gmu-35-40,1205,1206,Partial FR (DD),OPTIMAL,1206,1,0,0.270797,0.00208608333333333,0.272883083333333
nexp-50-20-4-2,1225,1226,Affine FR,OPTIMAL,1205,0.982871125611745,1,0.0260110416666667,0.0832170416666667,0.109228083333333
nexp-50-20-4-2,1225,1226,Partial FR (D),OPTIMAL,1226,1,0,0.279113625,0.00199,0.281103625
nexp-50-20-4-2,1225,1226,Partial FR (DD),OPTIMAL,1226,1,0,0.278047875,0.00179020833333333,0.279838083333333
fiber,1298,1299,Affine FR,OPTIMAL,947,0.729022324865281,1,0.0245732083333333,0.118226333333333,0.142799541666667
fiber,1298,1299,Partial FR (D),OPTIMAL,1285,0.989222478829869,1,0.325644166666667,0.008077625,0.333721791666667
fiber,1298,1299,Partial FR (DD),OPTIMAL,1284,0.988452655889146,1,0.341120291666667,0.087917,0.429037291666667
hgms-det,1322,1323,Affine FR,OPTIMAL,784,0.592592592592593,1,0.07428625,0.122699375,0.196985625
hgms-det,1322,1323,Partial FR (D),OPTIMAL,1323,1,0,0.343948625,0.00247304166666667,0.346421666666667
hgms-det,1322,1323,Partial FR (DD),OPTIMAL,1300,0.982615268329554,1,0.34909,0.114115,0.463205
acc-tight5,1339,1340,Affine FR,OPTIMAL,442,0.329850746268657,1,0.378195958333333,0.124498041666667,0.502694
acc-tight5,1339,1340,Partial FR (D),OPTIMAL,1172,0.874626865671642,1,0.582307291666667,0.118219333333333,0.700526625
acc-tight5,1339,1340,Partial FR (DD),OPTIMAL,1172,0.874626865671642,1,0.631019125,0.122415791666667,0.753434916666667
khb05250,1350,1351,Affine FR,OPTIMAL,1225,0.906735751295337,1,0.0186916666666667,0.142682291666667,0.161373958333333
khb05250,1350,1351,Partial FR (D),OPTIMAL,1351,1,0,0.300031958333333,0.00241791666666667,0.302449875
khb05250,1350,1351,Partial FR (DD),OPTIMAL,1351,1,0,0.308226458333333,0.00229891666666667,0.310525375
opm2-z6-s1,1350,1351,Affine FR,OPTIMAL,1351,1,0,0.0319044166666667,0.00242591666666667,0.0343303333333333
opm2-z6-s1,1350,1351,Partial FR (D),OPTIMAL,1351,1,0,0.355894541666667,0.00246295833333333,0.3583575
opm2-z6-s1,1350,1351,Partial FR (DD),OPTIMAL,1351,1,0,0.346779833333333,0.00259420833333333,0.349374041666667
seymour,1372,1373,Affine FR,OPTIMAL,1256,0.914785142024763,1,0.0439714583333333,0.129203916666667,0.173175375
seymour,1372,1373,Partial FR (D),OPTIMAL,1373,1,0,0.337532708333333,0.00233375,0.339866458333333
seymour,1372,1373,Partial FR (DD),OPTIMAL,1256,0.914785142024763,1,0.345412125,0.142572,0.487984125
seymour1,1372,1373,Affine FR,OPTIMAL,1256,0.914785142024763,1,0.0442680833333333,0.128709541666667,0.172977625
seymour1,1372,1373,Partial FR (D),OPTIMAL,1373,1,0,0.409657666666667,0.00226966666666667,0.411927333333333
seymour1,1372,1373,Partial FR (DD),OPTIMAL,1294,0.942461762563729,1,0.428144708333333,0.111532583333333,0.539677291666667
neos-860300,1385,1386,Affine FR,OPTIMAL,1216,0.877344877344877,1,0.32882825,0.137783583333333,0.466611833333333
neos-860300,1385,1386,Partial FR (D),OPTIMAL,1234,0.89033189033189,1,0.51097625,0.00931429166666667,0.520290541666667
neos-860300,1385,1386,Partial FR (DD),OPTIMAL,1234,0.89033189033189,1,0.528797833333333,0.00805679166666667,0.536854625
neos-4650160-yukon,1412,1413,Affine FR,OPTIMAL,941,0.665958952583156,1,0.0461734166666667,0.137832833333333,0.18400625
neos-4650160-yukon,1412,1413,Partial FR (D),OPTIMAL,1413,1,0,0.35839875,0.00257966666666667,0.360978416666667
neos-4650160-yukon,1412,1413,Partial FR (DD),OPTIMAL,1413,1,0,0.367031333333333,0.00253245833333333,0.369563791666667
bppc4-08,1456,1457,Affine FR,OPTIMAL,1436,0.985586822237474,1,0.0200529583333333,0.151276375,0.171329333333333
bppc4-08,1456,1457,Partial FR (D),OPTIMAL,1457,1,0,0.387632666666667,0.00267225,0.390304916666667
bppc4-08,1456,1457,Partial FR (DD),OPTIMAL,1457,1,0,0.392262375,0.00287883333333333,0.395141208333333
neos-3627168-kasai,1462,1463,Affine FR,OPTIMAL,998,0.68215994531784,1,0.0154792083333333,0.150263833333333,0.165743041666667
neos-3627168-kasai,1462,1463,Partial FR (D),OPTIMAL,1463,1,0,0.370987833333333,0.00308775,0.374075583333333
neos-3627168-kasai,1462,1463,Partial FR (DD),OPTIMAL,1463,1,0,0.379457125,0.00286333333333333,0.382320458333333
g200x740,1480,1481,Affine FR,OPTIMAL,1282,0.865631330182309,1,0.027077,0.124776083333333,0.151853083333333
g200x740,1480,1481,Partial FR (D),OPTIMAL,1481,1,0,0.392573666666667,0.0029135,0.395487166666667
g200x740,1480,1481,Partial FR (DD),OPTIMAL,1481,1,0,0.396640083333333,0.00287808333333333,0.399518166666667
neos-4954672-berkel,1533,1534,Affine FR,OPTIMAL,1009,0.657757496740548,1,0.0169545416666667,0.153211375,0.170165916666667
neos-4954672-berkel,1533,1534,Partial FR (D),OPTIMAL,1534,1,0,0.395638166666667,0.00308891666666667,0.398727083333333
neos-4954672-berkel,1533,1534,Partial FR (DD),OPTIMAL,1534,1,0,0.50817825,0.00368125,0.5118595
csched008,1536,1537,Affine FR,OPTIMAL,1236,0.80416395575797,1,0.145140333333333,0.160485041666667,0.305625375
csched008,1536,1537,Partial FR (D),OPTIMAL,1537,1,0,0.557478833333333,0.003044,0.560522833333333
csched008,1536,1537,Partial FR (DD),OPTIMAL,1537,1,0,0.449354666666667,0.00307304166666667,0.452427708333333
pigeon-20,1580,1581,Affine FR,OPTIMAL,1481,0.936748893105629,1,0.0236792916666667,0.159657958333333,0.18333725
pigeon-20,1580,1581,Partial FR (D),OPTIMAL,1581,1,0,0.464480958333333,0.00338983333333333,0.467870791666667
pigeon-20,1580,1581,Partial FR (DD),OPTIMAL,1581,1,0,0.46063075,0.00367254166666667,0.464303291666667
f2gap201600,1600,1601,Affine FR,OPTIMAL,1601,1,0,0.132395416666667,0.008158375,0.140553791666667
f2gap201600,1600,1601,Partial FR (D),OPTIMAL,1601,1,0,0.564545916666667,0.003317875,0.567863791666667
f2gap201600,1600,1601,Partial FR (DD),OPTIMAL,1601,1,0,0.54332175,0.003554875,0.546876625
f2gap401600,1600,1601,Affine FR,OPTIMAL,1601,1,0,0.124858916666667,0.00362620833333333,0.128485125
f2gap401600,1600,1601,Partial FR (D),OPTIMAL,1601,1,0,0.527263125,0.003654625,0.53091775
f2gap401600,1600,1601,Partial FR (DD),OPTIMAL,1601,1,0,0.698261583333333,0.00368179166666667,0.701943375
f2gap801600,1600,1601,Affine FR,OPTIMAL,1601,1,0,0.151889166666667,0.00351058333333333,0.15539975
f2gap801600,1600,1601,Partial FR (D),OPTIMAL,1601,1,0,0.482318625,0.0036645,0.485983125
f2gap801600,1600,1601,Partial FR (DD),OPTIMAL,1601,1,0,0.667816833333333,0.00379029166666667,0.671607125
acc-tight2,1620,1621,Affine FR,OPTIMAL,1344,0.829117828500925,1,0.0218197083333333,0.1796065,0.201426208333333
acc-tight2,1620,1621,Partial FR (D),OPTIMAL,1621,1,0,0.810201583333333,0.00338941666666667,0.813591
acc-tight2,1620,1621,Partial FR (DD),OPTIMAL,1621,1,0,0.553857375,0.00355479166666667,0.557412166666667
acc-tight4,1620,1621,Affine FR,OPTIMAL,661,0.407772979642196,1,0.02609075,0.1803195,0.20641025
acc-tight4,1620,1621,Partial FR (D),OPTIMAL,1621,1,0,0.65391625,0.00338391666666667,0.657300166666667
acc-tight4,1620,1621,Partial FR (DD),OPTIMAL,1621,1,0,0.614583125,0.00384695833333333,0.618430083333333
ns1830653,1629,1630,Affine FR,OPTIMAL,562,0.34478527607362,1,0.127670208333333,0.181201458333333,0.308871666666667
ns1830653,1629,1630,Partial FR (D),OPTIMAL,780,0.478527607361963,1,0.56181525,0.0103879166666667,0.572203166666667
ns1830653,1629,1630,Partial FR (DD),OPTIMAL,755,0.46319018404908,1,0.606911958333333,0.188915666666667,0.795827625
reblock166,1660,1661,Affine FR,OPTIMAL,1661,1,0,0.0266543333333333,0.00752141666666667,0.03417575
reblock166,1660,1661,Partial FR (D),OPTIMAL,1661,1,0,0.498477166666667,0.00363945833333333,0.502116625
reblock166,1660,1661,Partial FR (DD),OPTIMAL,1661,1,0,0.4941485,0.00378779166666667,0.497936291666667
eva1aprime5x5opt,1712,1713,Affine FR,OPTIMAL,1409,0.822533566841798,1,0.334122416666667,0.193958041666667,0.528080458333333
eva1aprime5x5opt,1712,1713,Partial FR (D),OPTIMAL,1713,1,0,0.746994875,0.00385925,0.750854125
eva1aprime5x5opt,1712,1713,Partial FR (DD),OPTIMAL,1713,1,0,0.698391416666667,0.00390583333333333,0.70229725
bc,1751,1752,Affine FR,OPTIMAL,967,0.551940639269406,1,0.226905083333333,0.195593458333333,0.422498541666667
bc,1751,1752,Partial FR (D),OPTIMAL,1752,1,0,0.759354875,0.00448508333333333,0.763839958333333
bc,1751,1752,Partial FR (DD),OPTIMAL,1752,1,0,0.746894916666667,0.0044265,0.751321416666667
bc1,1751,1752,Affine FR,OPTIMAL,967,0.551940639269406,1,0.217990833333333,0.2227025,0.440693333333333
bc1,1751,1752,Partial FR (D),OPTIMAL,1752,1,0,0.693010875,0.00406,0.697070875
bc1,1751,1752,Partial FR (DD),OPTIMAL,1752,1,0,0.68424675,0.00439116666666667,0.688637916666667
csched007,1758,1759,Affine FR,OPTIMAL,1458,0.828880045480387,1,0.210487666666667,0.205173625,0.415661291666667
csched007,1758,1759,Partial FR (D),OPTIMAL,1759,1,0,0.816562583333333,0.00412883333333333,0.820691416666667
csched007,1758,1759,Partial FR (DD),OPTIMAL,1759,1,0,0.5781225,0.00384495833333333,0.581967458333333
csched010,1758,1759,Affine FR,OPTIMAL,1458,0.828880045480387,1,0.192398916666667,0.196436708333333,0.388835625
csched010,1758,1759,Partial FR (D),OPTIMAL,1759,1,0,0.737155541666667,0.00403366666666667,0.741189208333333
csched010,1758,1759,Partial FR (DD),OPTIMAL,1759,1,0,0.599342416666667,0.00393958333333333,0.603282
railway_8_1_0,1796,1797,Affine FR,OPTIMAL,1592,0.885920979410128,1,0.108457291666667,0.224320291666667,0.332777583333333
railway_8_1_0,1796,1797,Partial FR (D),OPTIMAL,1797,1,0,0.665366083333333,0.00439858333333333,0.669764666666667
railway_8_1_0,1796,1797,Partial FR (DD),OPTIMAL,1797,1,0,0.58542975,0.0050045,0.59043425
aligninq,1831,1832,Affine FR,OPTIMAL,1831,0.999454148471616,1,0.0284797083333333,0.00834829166666667,0.036828
aligninq,1831,1832,Partial FR (D),OPTIMAL,1832,1,0,0.577635791666667,0.00435708333333333,0.581992875
aligninq,1831,1832,Partial FR (DD),OPTIMAL,1832,1,0,0.591773875,0.00505345833333333,0.596827333333333
cvs08r139-94,1864,1865,Affine FR,OPTIMAL,1865,1,0,0.0102472916666667,0.0118846666666667,0.0221319583333333
cvs08r139-94,1864,1865,Partial FR (D),OPTIMAL,1865,1,0,0.593501958333333,0.00456470833333333,0.598066666666667
cvs08r139-94,1864,1865,Partial FR (DD),OPTIMAL,1865,1,0,0.589655083333333,0.00548595833333333,0.595141041666667
gmu-35-50,1919,1920,Affine FR,OPTIMAL,1915,0.997395833333333,1,0.020048375,0.267896916666667,0.287945291666667
gmu-35-50,1919,1920,Partial FR (D),OPTIMAL,1920,1,0,0.656698291666667,0.00509766666666667,0.661795958333333
gmu-35-50,1919,1920,Partial FR (DD),OPTIMAL,1920,1,0,0.640671541666667,0.004953375,0.645624916666667
mtest4ma,1950,1951,Affine FR,OPTIMAL,1852,0.949256791389031,1,0.021425875,0.243749125,0.265175
mtest4ma,1950,1951,Partial FR (D),OPTIMAL,1951,1,0,0.678472166666667,0.005110875,0.683583041666667
mtest4ma,1950,1951,Partial FR (DD),OPTIMAL,1951,1,0,0.691540583333333,0.00499425,0.696534833333333
gsvm2rl11,2001,2002,Affine FR,OPTIMAL,2002,1,0,0.179215916666667,0.01200675,0.191222666666667
gsvm2rl11,2001,2002,Partial FR (D),OPTIMAL,2002,1,0,0.741689333333333,0.005978875,0.747668208333333
gsvm2rl11,2001,2002,Partial FR (DD),OPTIMAL,2002,1,0,0.740100208333333,0.00566941666666667,0.745769625
gsvm2rl12,2001,2002,Affine FR,OPTIMAL,2002,1,0,0.173627625,0.00555820833333333,0.179185833333333
gsvm2rl12,2001,2002,Partial FR (D),OPTIMAL,2002,1,0,0.731747125,0.00498841666666667,0.736735541666667
gsvm2rl12,2001,2002,Partial FR (DD),OPTIMAL,2002,1,0,0.727072,0.00515504166666667,0.732227041666667
neos-5182409-nasivi,2005,2006,Affine FR,OPTIMAL,1742,0.86839481555334,1,0.027697125,0.300941041666667,0.328638166666667
neos-5182409-nasivi,2005,2006,Partial FR (D),OPTIMAL,2006,1,0,0.738282416666667,0.00600716666666667,0.744289583333333
neos-5182409-nasivi,2005,2006,Partial FR (DD),OPTIMAL,2006,1,0,0.74981175,0.005974875,0.755786625
opm2-z7-s8,2023,2024,Affine FR,OPTIMAL,2024,1,0,0.0600523333333333,0.01363,0.0736823333333333
opm2-z7-s8,2023,2024,Partial FR (D),OPTIMAL,2024,1,0,0.752552875,0.00569666666666667,0.758249541666667
opm2-z7-s8,2023,2024,Partial FR (DD),OPTIMAL,2024,1,0,0.755680458333333,0.00597758333333333,0.761658041666667
10teams,2025,2026,Affine FR,OPTIMAL,1459,0.720138203356367,1,0.0360900416666667,0.339093208333333,0.37518325
10teams,2025,2026,Partial FR (D),OPTIMAL,1826,0.901283316880553,1,1.12625241666667,0.303360708333333,1.429613125
10teams,2025,2026,Partial FR (DD),OPTIMAL,1826,0.901283316880553,1,1.18008679166667,0.290177833333333,1.470264625
sorrell8,2046,2047,Affine FR,OPTIMAL,2047,1,0,0.02403025,0.013825625,0.037855875
sorrell8,2046,2047,Partial FR (D),OPTIMAL,2047,1,0,0.687218916666667,0.00541841666666667,0.692637333333333
sorrell8,2046,2047,Partial FR (DD),OPTIMAL,2047,1,0,0.6915325,0.005445875,0.696978375
sorrell4,2048,2049,Affine FR,OPTIMAL,2049,1,0,0.589848375,0.012583125,0.6024315
sorrell4,2048,2049,Partial FR (D),OPTIMAL,2049,1,0,1.03909866666667,0.00652083333333333,1.0456195
sorrell4,2048,2049,Partial FR (DD),OPTIMAL,2049,1,0,1.05691091666667,0.00662091666666667,1.06353183333333
sorrell7,2048,2049,Affine FR,OPTIMAL,2049,1,0,0.0806875833333333,0.00710608333333333,0.0877936666666667
sorrell7,2048,2049,Partial FR (D),OPTIMAL,2049,1,0,0.745366583333333,0.00590670833333333,0.751273291666667
sorrell7,2048,2049,Partial FR (DD),OPTIMAL,2049,1,0,0.744153333333333,0.00637483333333333,0.750528166666667
dg012142,2080,2081,Affine FR,OPTIMAL,1401,0.673234022104757,1,0.028268125,0.293016625,0.32128475
dg012142,2080,2081,Partial FR (D),OPTIMAL,2081,1,0,0.735767125,0.00584270833333333,0.741609833333333
dg012142,2080,2081,Partial FR (DD),OPTIMAL,2041,0.980778471888515,1,1.93731604166667,0.278595,2.21591104166667
neos2,2101,2102,Affine FR,OPTIMAL,2059,0.979543292102759,1,0.0824175416666667,0.321868916666667,0.404286458333333
neos2,2101,2102,Partial FR (D),OPTIMAL,2102,1,0,0.782136958333333,0.00615320833333333,0.788290166666667
neos2,2101,2102,Partial FR (DD),OPTIMAL,2102,1,0,0.757436291666667,0.006668875,0.764105166666667
cvs16r70-62,2112,2113,Affine FR,OPTIMAL,2113,1,0,0.0111239166666667,0.0146039166666667,0.0257278333333333
cvs16r70-62,2112,2113,Partial FR (D),OPTIMAL,2113,1,0,0.724489083333333,0.00570504166666667,0.730194125
cvs16r70-62,2112,2113,Partial FR (DD),OPTIMAL,2113,1,0,0.740127208333333,0.00616241666666667,0.746289625
neos-585467,2116,2117,Affine FR,OPTIMAL,855,0.403873405762872,1,0.053534,0.326442875,0.379976875
neos-585467,2116,2117,Partial FR (D),OPTIMAL,2117,1,0,0.824726416666667,0.00565808333333333,0.8303845
neos-585467,2116,2117,Partial FR (DD),OPTIMAL,2117,1,0,0.857896791666667,0.00602595833333333,0.86392275
graph20-20-1rand,2183,2184,Affine FR,OPTIMAL,1925,0.881410256410256,1,0.02996025,0.34804775,0.378008
graph20-20-1rand,2183,2184,Partial FR (D),OPTIMAL,2147,0.983058608058608,1,0.840817625,0.01760975,0.858427375
graph20-20-1rand,2183,2184,Partial FR (DD),OPTIMAL,2147,0.983058608058608,1,0.826911458333333,0.0143371666666667,0.841248625
ramos3,2187,2188,Affine FR,OPTIMAL,2188,1,0,1.29449504166667,0.018671125,1.31316616666667
ramos3,2187,2188,Partial FR (D),OPTIMAL,2188,1,0,0.859686666666667,0.00721320833333333,0.866899875
ramos3,2187,2188,Partial FR (DD),OPTIMAL,2188,1,0,0.863511791666667,0.006433375,0.869945166666667
neos-4477313-unzha,2193,2194,Affine FR,OPTIMAL,2052,0.935278030993619,1,0.019763125,0.371946833333333,0.391709958333333
neos-4477313-unzha,2193,2194,Partial FR (D),OPTIMAL,2194,1,0,0.820982458333333,0.00625191666666667,0.827234375
neos-4477313-unzha,2193,2194,Partial FR (DD),OPTIMAL,2194,1,0,0.826096125,0.00788108333333333,0.833977208333333
neos-2328163-agri,2236,2237,Affine FR,OPTIMAL,2160,0.965578900312919,1,0.0307039166666667,0.354957083333333,0.385661
neos-2328163-agri,2236,2237,Partial FR (D),OPTIMAL,2237,1,0,1.03281583333333,0.00635833333333333,1.03917416666667
neos-2328163-agri,2236,2237,Partial FR (DD),OPTIMAL,2237,1,0,1.06648920833333,0.00734241666666667,1.073831625
uct-subprob,2256,2257,Affine FR,OPTIMAL,1356,0.600797518830306,1,0.0535885,0.381815041666667,0.435403541666667
uct-subprob,2256,2257,Partial FR (D),OPTIMAL,2257,1,0,0.865611208333333,0.00697458333333333,0.872585791666667
uct-subprob,2256,2257,Partial FR (DD),OPTIMAL,2257,1,0,0.851288583333333,0.00649620833333333,0.857784791666667
binkar10_1,2298,2299,Affine FR,OPTIMAL,1283,0.55806872553284,1,0.067118625,0.404576458333333,0.471695083333333
binkar10_1,2298,2299,Partial FR (D),OPTIMAL,2299,1,0,0.902151125,0.006500375,0.9086515
binkar10_1,2298,2299,Partial FR (DD),OPTIMAL,2299,1,0,0.892357,0.00692641666666667,0.899283416666667
chromaticindex32-8,2304,2305,Affine FR,OPTIMAL,1730,0.750542299349241,1,0.0326676666666667,0.414012291666667,0.446679958333333
chromaticindex32-8,2304,2305,Partial FR (D),OPTIMAL,2305,1,0,1.00117116666667,0.007403625,1.00857479166667
chromaticindex32-8,2304,2305,Partial FR (DD),OPTIMAL,2305,1,0,0.922836041666667,0.007142875,0.929978916666667
usAbbrv-8-25_70,2312,2313,Affine FR,OPTIMAL,2104,0.909641158668396,1,0.045606,0.389435916666667,0.435041916666667
usAbbrv-8-25_70,2312,2313,Partial FR (D),OPTIMAL,2313,1,0,1.06184395833333,0.00724479166666667,1.06908875
usAbbrv-8-25_70,2312,2313,Partial FR (DD),OPTIMAL,2313,1,0,0.953808291666667,0.00713179166666667,0.960940083333333
neos-1171737,2340,2341,Affine FR,OPTIMAL,2341,1,0,0.0168427916666667,0.017312,0.0341547916666667
neos-1171737,2340,2341,Partial FR (D),OPTIMAL,2341,1,0,0.900308583333333,0.00789529166666667,0.908203875
neos-1171737,2340,2341,Partial FR (DD),OPTIMAL,2341,1,0,0.919715791666667,0.008190125,0.927905916666667
p200x1188c,2376,2377,Affine FR,OPTIMAL,2178,0.916281026503997,1,0.0234125,0.395052291666667,0.418464791666667
p200x1188c,2376,2377,Partial FR (D),OPTIMAL,2377,1,0,0.971847083333333,0.00766708333333333,0.979514166666667
p200x1188c,2376,2377,Partial FR (DD),OPTIMAL,2377,1,0,0.987119458333333,0.007890375,0.995009833333333
cvs16r89-60,2384,2385,Affine FR,OPTIMAL,2385,1,0,0.011203375,0.0138296666666667,0.0250330416666667
cvs16r89-60,2384,2385,Partial FR (D),OPTIMAL,2385,1,0,0.94396075,0.00743541666666667,0.951396166666667
cvs16r89-60,2384,2385,Partial FR (DD),OPTIMAL,2385,1,0,0.969576541666667,0.00780816666666667,0.977384708333333
tbfp-bigm,2406,2407,Affine FR,OPTIMAL,2377,0.987536352305775,1,0.156190083333333,0.445262916666667,0.601453
tbfp-bigm,2406,2407,Partial FR (D),OPTIMAL,2407,1,0,1.060359,0.00776216666666667,1.06812116666667
tbfp-bigm,2406,2407,Partial FR (DD),OPTIMAL,2407,1,0,1.08324883333333,0.00833845833333333,1.09158729166667
beasleyC1,2500,2501,Affine FR,OPTIMAL,2002,0.800479808076769,1,0.032263875,0.444228208333333,0.476492083333333
beasleyC1,2500,2501,Partial FR (D),OPTIMAL,2501,1,0,1.081796875,0.009010375,1.09080725
beasleyC1,2500,2501,Partial FR (DD),OPTIMAL,2501,1,0,1.10448475,0.00848179166666667,1.11296654166667
beasleyC2,2500,2501,Affine FR,OPTIMAL,2002,0.800479808076769,1,0.028114875,0.422864541666667,0.450979416666667
beasleyC2,2500,2501,Partial FR (D),OPTIMAL,2501,1,0,1.06094725,0.00897929166666667,1.06992654166667
beasleyC2,2500,2501,Partial FR (DD),OPTIMAL,2501,1,0,1.13416716666667,0.00822741666666667,1.14239458333333
beasleyC3,2500,2501,Affine FR,OPTIMAL,2000,0.79968012794882,1,0.0313345416666667,0.455466333333333,0.486800875
beasleyC3,2500,2501,Partial FR (D),OPTIMAL,2501,1,0,1.06649520833333,0.0121700416666667,1.07866525
beasleyC3,2500,2501,Partial FR (DD),OPTIMAL,2500,0.999600159936026,1,1.08840929166667,0.375472625,1.46388191666667
neos-859770,2504,2505,Affine FR,OPTIMAL,2304,0.919760479041916,1,0.811370625,0.479407083333333,1.29077770833333
neos-859770,2504,2505,Partial FR (D),OPTIMAL,2321,0.926546906187625,1,1.573134625,0.015151125,1.58828575
neos-859770,2504,2505,Partial FR (DD),OPTIMAL,2321,0.926546906187625,1,1.60850025,0.0169153333333333,1.62541558333333
neos-585192,2597,2598,Affine FR,OPTIMAL,1054,0.405696689761355,1,0.077539125,0.51661275,0.594151875
neos-585192,2597,2598,Partial FR (D),OPTIMAL,2598,1,0,1.30290008333333,0.00834058333333333,1.31124066666667
neos-585192,2597,2598,Partial FR (DD),OPTIMAL,2598,1,0,1.32121229166667,0.00913595833333333,1.33034825
pg5_34,2600,2601,Affine FR,OPTIMAL,2601,1,0,0.0206011666666667,0.0145998333333333,0.035201
pg5_34,2600,2601,Partial FR (D),OPTIMAL,2601,1,0,1.10866766666667,0.00925675,1.11792441666667
pg5_34,2600,2601,Partial FR (DD),OPTIMAL,2601,1,0,1.10949454166667,0.009865625,1.11936016666667
mod010,2655,2656,Affine FR,OPTIMAL,2430,0.914909638554217,1,0.309227291666667,0.532843416666667,0.842070708333333
mod010,2655,2656,Partial FR (D),OPTIMAL,2573,0.96875,1,1.2905765,0.02022775,1.31080425
mod010,2655,2656,Partial FR (DD),OPTIMAL,2573,0.96875,1,1.27263275,0.0208450833333333,1.29347783333333
neos-1330346,2664,2665,Affine FR,OPTIMAL,2341,0.878424015009381,1,0.0462929583333333,0.546433125,0.592726083333333
neos-1330346,2664,2665,Partial FR (D),OPTIMAL,2665,1,0,1.25330604166667,0.00928195833333333,1.262588
neos-1330346,2664,2665,Partial FR (DD),OPTIMAL,2665,1,0,1.42641608333333,0.0102122916666667,1.436628375
milo-v12-6-r2-40-1,2688,2689,Affine FR,OPTIMAL,1681,0.62513945704723,1,0.0757174166666667,0.616705,0.692422416666667
milo-v12-6-r2-40-1,2688,2689,Partial FR (D),OPTIMAL,2689,1,0,1.39392691666667,0.00991358333333333,1.4038405
milo-v12-6-r2-40-1,2688,2689,Partial FR (DD),OPTIMAL,2689,1,0,1.27368758333333,0.00970670833333333,1.28339429166667
circ10-3,2700,2701,Affine FR,OPTIMAL,2251,0.833395038874491,1,0.190123291666667,0.535596333333333,0.725719625
circ10-3,2700,2701,Partial FR (D),OPTIMAL,2701,1,0,1.51597270833333,0.0113186666666667,1.527291375
circ10-3,2700,2701,Partial FR (DD),OPTIMAL,2701,1,0,1.38637404166667,0.010557125,1.39693116666667
pg,2700,2701,Affine FR,OPTIMAL,2601,0.962976675305442,1,0.139587333333333,0.554166791666667,0.693754125
pg,2700,2701,Partial FR (D),OPTIMAL,2701,1,0,1.19173008333333,0.00906508333333333,1.20079516666667
pg,2700,2701,Partial FR (DD),OPTIMAL,2701,1,0,1.21515054166667,0.00925241666666667,1.22440295833333
ns2071214,2720,2721,Affine FR,OPTIMAL,1560,0.573318632855568,1,0.113819416666667,0.599819,0.713638416666667
ns2071214,2720,2721,Partial FR (D),OPTIMAL,2353,0.864755604557148,1,1.389262375,0.023213,1.412475375
ns2071214,2720,2721,Partial FR (DD),OPTIMAL,2353,0.864755604557148,1,1.35117541666667,0.0281265,1.37930191666667
aflow40b,2728,2729,Affine FR,OPTIMAL,2651,0.971418101868816,1,0.143354333333333,0.584300416666667,0.72765475
aflow40b,2728,2729,Partial FR (D),OPTIMAL,2729,1,0,1.228166,0.009515375,1.237681375
aflow40b,2728,2729,Partial FR (DD),OPTIMAL,2729,1,0,1.25849795833333,0.009854125,1.26835208333333
neos-4333464-siret,2731,2732,Affine FR,OPTIMAL,2651,0.970351390922401,1,0.0668588333333333,0.518659458333333,0.585518291666667
neos-4333464-siret,2731,2732,Partial FR (D),OPTIMAL,2732,1,0,1.30515845833333,0.00987816666666667,1.315036625
neos-4333464-siret,2731,2732,Partial FR (DD),OPTIMAL,2732,1,0,1.31954320833333,0.0100895,1.32963270833333
neos-1337307,2840,2841,Affine FR,OPTIMAL,2715,0.955649419218585,1,0.0772625,0.607487,0.6847495
neos-1337307,2840,2841,Partial FR (D),OPTIMAL,2841,1,0,1.48572091666667,0.0106705833333333,1.4963915
neos-1337307,2840,2841,Partial FR (DD),OPTIMAL,2841,1,0,1.525839375,0.0108975,1.536736875
cvs16r106-72,2848,2849,Affine FR,OPTIMAL,2849,1,0,0.01192675,0.0214830833333333,0.0334098333333333
cvs16r106-72,2848,2849,Partial FR (D),OPTIMAL,2849,1,0,1.32767458333333,0.0106624583333333,1.33833704166667
cvs16r106-72,2848,2849,Partial FR (DD),OPTIMAL,2849,1,0,1.33908070833333,0.01199925,1.35107995833333
neos-503737,2850,2851,Affine FR,OPTIMAL,2461,0.863205892669239,1,0.018284125,0.606093916666667,0.624378041666667
neos-503737,2850,2851,Partial FR (D),OPTIMAL,2601,0.912311469659769,1,1.35800279166667,0.573194416666667,1.93119720833333
neos-503737,2850,2851,Partial FR (DD),OPTIMAL,2601,0.912311469659769,1,1.336798,0.519573333333333,1.85637133333333
ns1208400,2883,2884,Affine FR,OPTIMAL,2261,0.783980582524272,1,0.0983250833333333,0.671428458333333,0.769753541666667
ns1208400,2883,2884,Partial FR (D),OPTIMAL,2600,0.901525658807212,1,1.82197908333333,0.028472125,1.85045120833333
ns1208400,2883,2884,Partial FR (DD),OPTIMAL,2600,0.901525658807212,1,1.787292375,0.0268315,1.814123875
toll-like,2883,2884,Affine FR,OPTIMAL,2884,1,0,0.0491105416666667,0.0119094583333333,0.06102
toll-like,2883,2884,Partial FR (D),OPTIMAL,2884,1,0,1.3441175,0.0116515,1.355769
toll-like,2883,2884,Partial FR (DD),OPTIMAL,2884,1,0,1.42462783333333,0.0109105416666667,1.435538375
neos-5261882-treska,2900,2901,Affine FR,OPTIMAL,2716,0.936228886590831,1,0.053072125,0.662207375,0.7152795
neos-5261882-treska,2900,2901,Partial FR (D),OPTIMAL,2901,1,0,1.491842375,0.0100801666666667,1.50192254166667
neos-5261882-treska,2900,2901,Partial FR (DD),OPTIMAL,2901,1,0,1.435117875,0.0106735833333333,1.44579145833333
neos-3402294-bobin,2904,2905,Affine FR,OPTIMAL,2697,0.928399311531842,1,2.51572583333333,0.646109125,3.16183495833333
neos-3402294-bobin,2904,2905,Partial FR (D),OPTIMAL,2905,1,0,2.84503325,0.012476875,2.857510125
neos-3402294-bobin,2904,2905,Partial FR (DD),OPTIMAL,2905,1,0,2.8117955,0.0117167083333333,2.82351220833333
neos-3402454-bohle,2904,2905,Affine FR,OPTIMAL,2697,0.928399311531842,1,12.7363995416667,0.588337833333333,13.324737375
neos-3402454-bohle,2904,2905,Partial FR (D),OPTIMAL,2905,1,0,8.71680841666667,0.010816,8.72762441666667
neos-3402454-bohle,2904,2905,Partial FR (DD),OPTIMAL,2905,1,0,8.78864508333333,0.011634375,8.80027945833333
supportcase2,2912,2913,Affine FR,OPTIMAL,2529,0.868177136972194,1,8.53149958333333,0.558448083333333,9.08994766666667
supportcase2,2912,2913,Partial FR (D),OPTIMAL,2913,1,0,5.152192125,0.0110626666666667,5.16325479166667
supportcase2,2912,2913,Partial FR (DD),OPTIMAL,2913,1,0,6.58704595833333,0.0139130416666667,6.600959
s1234,2945,2946,Affine FR,OPTIMAL,2865,0.972505091649694,1,0.0909976666666667,0.639137916666667,0.730135583333333
s1234,2945,2946,Partial FR (D),OPTIMAL,2945,0.999660556687033,1,1.47668908333333,0.0373405,1.51402958333333
s1234,2945,2946,Partial FR (DD),OPTIMAL,2945,0.999660556687033,1,1.46018225,0.0349519583333333,1.49513420833333
lotsize,2985,2986,Affine FR,OPTIMAL,2386,0.799062290689886,1,0.0858951666666667,0.6586645,0.744559666666667
lotsize,2985,2986,Partial FR (D),OPTIMAL,2986,1,0,1.52570825,0.011184,1.53689225
lotsize,2985,2986,Partial FR (DD),OPTIMAL,2986,1,0,1.49221695833333,0.0134075833333333,1.50562454166667
neos-691058,3006,3007,Affine FR,OPTIMAL,2505,0.833056202194879,1,0.1544995,0.676656458333333,0.831155958333333
neos-691058,3006,3007,Partial FR (D),OPTIMAL,2799,0.930828067841703,1,1.85789483333333,0.0257072916666667,1.883602125
neos-691058,3006,3007,Partial FR (DD),OPTIMAL,2799,0.930828067841703,1,1.87629370833333,0.651311458333333,2.52760516666667
neos-933562,3032,3033,Affine FR,OPTIMAL,957,0.315529179030663,1,0.0307504166666667,0.717887791666667,0.748638208333333
neos-933562,3032,3033,Partial FR (D),OPTIMAL,3033,1,0,1.63313916666667,0.01236025,1.64549941666667
neos-933562,3032,3033,Partial FR (DD),OPTIMAL,3033,1,0,1.60381929166667,0.011002,1.61482129166667
mc11,3040,3041,Affine FR,OPTIMAL,2642,0.868793160144689,1,0.03772125,0.679530166666667,0.717251416666667
mc11,3040,3041,Partial FR (D),OPTIMAL,3041,1,0,1.550343375,0.01163825,1.561981625
mc11,3040,3041,Partial FR (DD),OPTIMAL,3041,1,0,1.61146391666667,0.0135867083333333,1.625050625
mc7,3040,3041,Affine FR,OPTIMAL,2642,0.868793160144689,1,0.038851875,0.63926175,0.678113625
mc7,3040,3041,Partial FR (D),OPTIMAL,3041,1,0,1.535643,0.012069625,1.547712625
mc7,3040,3041,Partial FR (DD),OPTIMAL,3041,1,0,1.57132854166667,0.011179375,1.58250791666667
mc8,3040,3041,Affine FR,OPTIMAL,2642,0.868793160144689,1,0.03901175,0.655951666666667,0.694963416666667
mc8,3040,3041,Partial FR (D),OPTIMAL,3041,1,0,1.53323670833333,0.0110947083333333,1.54433141666667
mc8,3040,3041,Partial FR (DD),OPTIMAL,3041,1,0,1.55874729166667,0.0111958333333333,1.569943125
app3,3080,3081,Affine FR,OPTIMAL,1553,0.504057124310289,1,0.019599,0.721599291666667,0.741198291666667
app3,3080,3081,Partial FR (D),OPTIMAL,3081,1,0,1.55274066666667,0.0124010416666667,1.56514170833333
app3,3080,3081,Partial FR (DD),OPTIMAL,3081,1,0,1.56030383333333,0.0118625833333333,1.57216641666667
neos-5107597-kakapo,3114,3115,Affine FR,OPTIMAL,3046,0.97784911717496,1,0.0547617083333333,0.6815805,0.736342208333333
neos-5107597-kakapo,3114,3115,Partial FR (D),OPTIMAL,3115,1,0,1.62031233333333,0.0130635416666667,1.633375875
neos-5107597-kakapo,3114,3115,Partial FR (DD),OPTIMAL,3115,1,0,1.62949566666667,0.0132003333333333,1.642696
neos-5115478-kaveri,3114,3115,Affine FR,OPTIMAL,3046,0.97784911717496,1,0.0545584166666667,0.666181,0.720739416666667
neos-5115478-kaveri,3114,3115,Partial FR (D),OPTIMAL,3115,1,0,1.61230875,0.0123951666666667,1.62470391666667
neos-5115478-kaveri,3114,3115,Partial FR (DD),OPTIMAL,3115,1,0,1.58804708333333,0.0129632916666667,1.601010375
neos-3665875-lesum,3128,3129,Affine FR,OPTIMAL,3129,1,0,0.0138914166666667,0.0259418333333333,0.03983325
neos-3665875-lesum,3128,3129,Partial FR (D),OPTIMAL,3129,1,0,1.613572875,0.0134419583333333,1.62701483333333
neos-3665875-lesum,3128,3129,Partial FR (DD),OPTIMAL,3129,1,0,1.594870625,0.014611875,1.6094825
supportcase4,3162,3163,Affine FR,OPTIMAL,1113,0.351881125513753,1,0.0907364166666667,0.784355375,0.875091791666667
supportcase4,3162,3163,Partial FR (D),OPTIMAL,2663,0.841922225735062,1,1.769153625,0.035909875,1.8050635
supportcase4,3162,3163,Partial FR (DD),OPTIMAL,2139,0.676256718305406,1,1.67743370833333,0.744968,2.42240170833333
opm2-z8-s0,3200,3201,Affine FR,OPTIMAL,3201,1,0,0.129366291666667,0.0388732916666667,0.168239583333333
opm2-z8-s0,3200,3201,Partial FR (D),OPTIMAL,3201,1,0,1.84896033333333,0.0137077083333333,1.86266804166667
opm2-z8-s0,3200,3201,Partial FR (DD),OPTIMAL,3201,1,0,1.82259833333333,0.0126879583333333,1.83528629166667
neos22,3240,3241,Affine FR,OPTIMAL,3217,0.992594878124036,1,0.0586662916666667,0.753506791666667,0.812173083333333
neos22,3240,3241,Partial FR (D),OPTIMAL,3241,1,0,1.878008875,0.0144975,1.892506375
neos22,3240,3241,Partial FR (DD),OPTIMAL,3241,1,0,1.92462270833333,0.0172217083333333,1.94184441666667
neos-1112787,3280,3281,Affine FR,OPTIMAL,3241,0.987808594940567,1,0.0673900833333333,0.823805083333333,0.891195166666667
neos-1112787,3280,3281,Partial FR (D),OPTIMAL,3281,1,0,1.80762895833333,0.0139406666666667,1.821569625
neos-1112787,3280,3281,Partial FR (DD),OPTIMAL,3281,1,0,1.8450625,0.0135695416666667,1.85863204166667
dfn-bwin-DBE,3285,3286,Affine FR,OPTIMAL,3196,0.972611077297626,1,0.1089105,0.857310208333333,0.966220708333333
dfn-bwin-DBE,3285,3286,Partial FR (D),OPTIMAL,3286,1,0,1.82612020833333,0.014960125,1.84108033333333
dfn-bwin-DBE,3285,3286,Partial FR (DD),OPTIMAL,3286,1,0,1.83082175,0.0144460416666667,1.84526779166667
neos18,3312,3313,Affine FR,OPTIMAL,964,0.290974947177784,1,0.101589291666667,0.8605585,0.962147791666667
neos18,3312,3313,Partial FR (D),OPTIMAL,3229,0.974645336552973,1,2.084837,0.0380995,2.1229365
neos18,3312,3313,Partial FR (DD),OPTIMAL,964,0.290974947177784,1,2.0954895,0.82459525,2.92008475
neos-619167,3452,3453,Affine FR,OPTIMAL,3313,0.959455545902114,1,0.0409047916666667,0.89352825,0.934433041666667
neos-619167,3452,3453,Partial FR (D),OPTIMAL,3453,1,0,2.0169025,0.015125875,2.032028375
neos-619167,3452,3453,Partial FR (DD),OPTIMAL,3453,1,0,2.043888625,0.016293625,2.06018225
neos-5078479-escaut,3471,3472,Affine FR,OPTIMAL,2432,0.700460829493088,1,0.123706125,0.904748708333333,1.02845483333333
neos-5078479-escaut,3471,3472,Partial FR (D),OPTIMAL,3472,1,0,2.09586858333333,0.0146523333333333,2.11052091666667
neos-5078479-escaut,3471,3472,Partial FR (DD),OPTIMAL,3472,1,0,2.11153883333333,0.0149642083333333,2.12650304166667
cvs16r128-89,3472,3473,Affine FR,OPTIMAL,3473,1,0,0.0151718333333333,0.0215345,0.0367063333333333
cvs16r128-89,3472,3473,Partial FR (D),OPTIMAL,3473,1,0,1.95460333333333,0.0165442083333333,1.97114754166667
cvs16r128-89,3472,3473,Partial FR (DD),OPTIMAL,3473,1,0,1.94835466666667,0.0153474583333333,1.963702125
eva1aprime6x6opt,3514,3515,Affine FR,OPTIMAL,2937,0.835561877667141,1,0.824748166666667,0.950010041666667,1.77475820833333
eva1aprime6x6opt,3514,3515,Partial FR (D),OPTIMAL,3515,1,0,2.78293925,0.0165839166666667,2.79952316666667
eva1aprime6x6opt,3514,3515,Partial FR (DD),OPTIMAL,3515,1,0,2.81271420833333,0.0164652083333333,2.82917941666667
reblock354,3540,3541,Affine FR,OPTIMAL,3541,1,0,0.0386884583333333,0.0311751666666667,0.069863625
reblock354,3540,3541,Partial FR (D),OPTIMAL,3541,1,0,2.13952904166667,0.01684975,2.15637879166667
reblock354,3540,3541,Partial FR (DD),OPTIMAL,3541,1,0,2.12356858333333,0.0175833333333333,2.14115191666667
neos-3216931-puriri,3555,3556,Affine FR,OPTIMAL,2992,0.841394825646794,1,0.376055375,1.0082655,1.384320875
neos-3216931-puriri,3555,3556,Partial FR (D),OPTIMAL,3556,1,0,2.73788245833333,0.0172054583333333,2.75508791666667
neos-3216931-puriri,3555,3556,Partial FR (DD),OPTIMAL,3556,1,0,38.6703564166667,0.0172999166666667,38.6876563333333
bnatt400,3600,3601,Affine FR,OPTIMAL,2014,0.559289086364899,1,0.0793080833333333,0.876948166666667,0.95625625
bnatt400,3600,3601,Partial FR (D),OPTIMAL,2014,0.559289086364899,1,2.16669104166667,0.0390584583333333,2.2057495
bnatt400,3600,3601,Partial FR (DD),OPTIMAL,2014,0.559289086364899,1,2.130103,0.043294,2.173397
neos-525149,3640,3641,Affine FR,OPTIMAL,3522,0.967316671244164,1,0.356613375,1.04648675,1.403100125
neos-525149,3640,3641,Partial FR (D),OPTIMAL,3641,1,0,2.63757591666667,0.0202244166666667,2.65780033333333
neos-525149,3640,3641,Partial FR (DD),OPTIMAL,3641,1,0,2.61715704166667,0.019992875,2.63714991666667
a1c1s1,3648,3649,Affine FR,OPTIMAL,2401,0.65798848999726,1,0.125463791666667,1.026401875,1.15186566666667
a1c1s1,3648,3649,Partial FR (D),OPTIMAL,3649,1,0,2.18062325,0.0167483333333333,2.19737158333333
a1c1s1,3648,3649,Partial FR (DD),OPTIMAL,3649,1,0,2.20170683333333,0.017926125,2.21963295833333
a2c1s1,3648,3649,Affine FR,OPTIMAL,2401,0.65798848999726,1,0.109953541666667,0.988105833333333,1.098059375
a2c1s1,3648,3649,Partial FR (D),OPTIMAL,3649,1,0,2.151955625,0.0185612083333333,2.17051683333333
a2c1s1,3648,3649,Partial FR (DD),OPTIMAL,3649,1,0,2.19194645833333,0.0182205416666667,2.210167
fhnw-binpack4-48,3710,3711,Affine FR,OPTIMAL,3711,1,0,0.210876375,0.0356791666666667,0.246555541666667
fhnw-binpack4-48,3710,3711,Partial FR (D),OPTIMAL,3711,1,0,2.43352079166667,0.017944125,2.45146491666667
fhnw-binpack4-48,3710,3711,Partial FR (DD),OPTIMAL,3711,1,0,2.36378445833333,0.0194974166666667,2.383281875
pythago7824,3740,3741,Affine FR,OPTIMAL,3741,1,0,0.173892708333333,0.0496737916666667,0.2235665
pythago7824,3740,3741,Partial FR (D),OPTIMAL,3741,1,0,2.33819454166667,0.0200656666666667,2.35826020833333
pythago7824,3740,3741,Partial FR (DD),OPTIMAL,3741,1,0,2.338273125,0.0182874166666667,2.35656054166667
pythago7825,3745,3746,Affine FR,OPTIMAL,3746,1,0,0.181906458333333,0.0493382916666667,0.23124475
pythago7825,3745,3746,Partial FR (D),OPTIMAL,3746,1,0,2.32879125,0.0188525416666667,2.34764379166667
pythago7825,3745,3746,Partial FR (DD),OPTIMAL,3746,1,0,2.31902791666667,0.0184083333333333,2.33743625
hanoi5,3862,3863,Affine FR,OPTIMAL,2976,0.770385710587626,1,0.487985791666667,1.16186454166667,1.64985033333333
hanoi5,3862,3863,Partial FR (D),OPTIMAL,3432,0.888428682371214,1,2.4611945,0.0585874166666667,2.51978191666667
hanoi5,3862,3863,Partial FR (DD),OPTIMAL,3001,0.776857364742428,1,2.45522125,1.1805055,3.63572675
b1c1s1,3872,3873,Affine FR,OPTIMAL,2593,0.669506842241157,1,0.195612083333333,1.18607120833333,1.38168329166667
b1c1s1,3872,3873,Partial FR (D),OPTIMAL,3873,1,0,2.42320416666667,0.019992625,2.44319679166667
b1c1s1,3872,3873,Partial FR (DD),OPTIMAL,3873,1,0,2.44164729166667,0.0402770416666667,2.48192433333333
b2c1s1,3872,3873,Affine FR,OPTIMAL,2593,0.669506842241157,1,0.286880583333333,1.52067891666667,1.8075595
b2c1s1,3872,3873,Partial FR (D),OPTIMAL,3873,1,0,2.49634391666667,0.0195950416666667,2.51593895833333
b2c1s1,3872,3873,Partial FR (DD),OPTIMAL,3873,1,0,2.5301735,0.0222705833333333,2.55244408333333
neos-4954357-bednja,3885,3886,Affine FR,OPTIMAL,3854,0.991765311374164,1,0.0845695,1.33245895833333,1.41702845833333
neos-4954357-bednja,3885,3886,Partial FR (D),OPTIMAL,3886,1,0,2.87833966666667,0.0192438333333333,2.8975835
neos-4954357-bednja,3885,3886,Partial FR (DD),OPTIMAL,3886,1,0,3.02892191666667,0.0194389583333333,3.048360875
bppc6-06,3922,3923,Affine FR,OPTIMAL,3902,0.99464695386184,1,0.159021416666667,1.39064175,1.54966316666667
bppc6-06,3922,3923,Partial FR (D),OPTIMAL,3923,1,0,2.53918354166667,0.0219369166666667,2.56112045833333
bppc6-06,3922,3923,Partial FR (DD),OPTIMAL,3923,1,0,2.54208566666667,0.0198099166666667,2.56189558333333
fhnw-binpack4-77,3924,3925,Affine FR,OPTIMAL,3527,0.89859872611465,1,0.0961037083333333,1.24947754166667,1.34558125
fhnw-binpack4-77,3924,3925,Partial FR (D),OPTIMAL,3923,0.999490445859873,1,2.57947729166667,0.0444672083333333,2.6239445
fhnw-binpack4-77,3924,3925,Partial FR (DD),OPTIMAL,3527,0.89859872611465,1,2.51812520833333,1.27910916666667,3.797234375
f2000,4000,4001,Affine FR,OPTIMAL,4001,1,0,0.679962791666667,0.0560119166666667,0.735974708333333
f2000,4000,4001,Partial FR (D),OPTIMAL,4001,1,0,2.658980125,0.0237175833333333,2.68269770833333
f2000,4000,4001,Partial FR (DD),OPTIMAL,4001,1,0,2.66942129166667,0.0233379583333333,2.69275925
neos-4387871-tavua,4004,4005,Affine FR,OPTIMAL,3723,0.929588014981273,1,0.06755025,1.29309354166667,1.36064379166667
neos-4387871-tavua,4004,4005,Partial FR (D),OPTIMAL,4005,1,0,2.63411691666667,0.02089725,2.65501416666667
neos-4387871-tavua,4004,4005,Partial FR (DD),OPTIMAL,4005,1,0,2.667267,0.0212027083333333,2.68846970833333
neos-4393408-tinui,4004,4005,Affine FR,OPTIMAL,3723,0.929588014981273,1,0.065990375,1.25963379166667,1.32562416666667
neos-4393408-tinui,4004,4005,Partial FR (D),OPTIMAL,4005,1,0,2.66988608333333,0.0214696666666667,2.69135575
neos-4393408-tinui,4004,4005,Partial FR (DD),OPTIMAL,4005,1,0,2.66273045833333,0.0212788333333333,2.68400929166667
set3-09,4019,4020,Affine FR,OPTIMAL,2769,0.688805970149254,1,0.312325416666667,1.36037308333333,1.6726985
set3-09,4019,4020,Partial FR (D),OPTIMAL,4020,1,0,2.591779375,0.0223936666666667,2.61417304166667
set3-09,4019,4020,Partial FR (DD),OPTIMAL,4020,1,0,2.60116183333333,0.02969225,2.63085408333333
set3-10,4019,4020,Affine FR,OPTIMAL,2769,0.688805970149254,1,0.316739458333333,1.39045641666667,1.707195875
set3-10,4019,4020,Partial FR (D),OPTIMAL,4020,1,0,2.648212,0.022265125,2.670477125
set3-10,4019,4020,Partial FR (DD),OPTIMAL,4020,1,0,2.59776654166667,0.0254680833333333,2.623234625
set3-15,4019,4020,Affine FR,OPTIMAL,2769,0.688805970149254,1,0.322153416666667,1.360889875,1.68304329166667
set3-15,4019,4020,Partial FR (D),OPTIMAL,4020,1,0,2.61090475,0.0221189583333333,2.63302370833333
set3-15,4019,4020,Partial FR (DD),OPTIMAL,4020,1,0,2.601589875,0.0224570416666667,2.62404691666667
set3-16,4019,4020,Affine FR,OPTIMAL,2769,0.688805970149254,1,0.355203916666667,1.327802125,1.68300604166667
set3-16,4019,4020,Partial FR (D),OPTIMAL,4020,1,0,2.63006475,0.0221670833333333,2.65223183333333
set3-16,4019,4020,Partial FR (DD),OPTIMAL,4020,1,0,2.592117125,0.02258725,2.614704375
set3-20,4019,4020,Affine FR,OPTIMAL,2769,0.688805970149254,1,0.34886325,1.30461545833333,1.65347870833333
set3-20,4019,4020,Partial FR (D),OPTIMAL,4020,1,0,2.5927,0.0216317083333333,2.61433170833333
set3-20,4019,4020,Partial FR (DD),OPTIMAL,4020,1,0,2.59507991666667,0.0218659583333333,2.616945875
neos-1605061,4111,4112,Affine FR,OPTIMAL,2681,0.651994163424125,1,1.782068125,1.454913375,3.2369815
neos-1605061,4111,4112,Partial FR (D),OPTIMAL,3338,0.811770428015564,1,4.45323954166667,1.40815545833333,5.861395
neos-1605061,4111,4112,Partial FR (DD),OPTIMAL,3338,0.811770428015564,1,5.14097791666667,1.42399058333333,6.5649685
neos-1112782,4140,4141,Affine FR,OPTIMAL,4096,0.989133059647428,1,0.0662646666666667,1.3572205,1.42348516666667
neos-1112782,4140,4141,Partial FR (D),OPTIMAL,4141,1,0,2.88507820833333,0.0267895833333333,2.91186779166667
neos-1112782,4140,4141,Partial FR (DD),OPTIMAL,4141,1,0,2.887634125,0.0222653333333333,2.90989945833333
qap10,4150,4151,Affine FR,OPTIMAL,2603,0.627077812575283,1,0.0484167916666667,1.48890845833333,1.53732525
qap10,4150,4151,Partial FR (D),OPTIMAL,4151,1,0,4.57983095833333,0.0227129583333333,4.60254391666667
qap10,4150,4151,Partial FR (DD),OPTIMAL,4151,1,0,3.38355708333333,0.0277425,3.41129958333333
cost266-UUE,4161,4162,Affine FR,OPTIMAL,2866,0.688611244593945,1,0.0705766666666667,1.52814920833333,1.598725875
cost266-UUE,4161,4162,Partial FR (D),OPTIMAL,4162,1,0,3.35990154166667,0.02392025,3.38382179166667
cost266-UUE,4161,4162,Partial FR (DD),OPTIMAL,4162,1,0,3.01967670833333,0.023924,3.04360070833333
neos-5178119-nalagi,4167,4168,Affine FR,OPTIMAL,4015,0.963291746641075,1,0.0976791666666667,1.576366625,1.67404579166667
neos-5178119-nalagi,4167,4168,Partial FR (D),OPTIMAL,4168,1,0,2.924858875,0.0224363333333333,2.94729520833333
neos-5178119-nalagi,4167,4168,Partial FR (DD),OPTIMAL,4168,1,0,2.94416920833333,0.0250351666666667,2.969204375
supportcase3,4191,4192,Affine FR,OPTIMAL,2141,0.510734732824427,1,0.120279708333333,1.55795191666667,1.678231625
supportcase3,4191,4192,Partial FR (D),OPTIMAL,3678,0.877385496183206,1,2.960230625,0.0633975833333333,3.02362820833333
supportcase3,4191,4192,Partial FR (DD),OPTIMAL,3168,0.755725190839695,1,2.8559805,1.628959875,4.484940375
reblock420,4200,4201,Affine FR,OPTIMAL,4201,1,0,0.0926600416666667,0.0572689166666667,0.149928958333333
reblock420,4200,4201,Partial FR (D),OPTIMAL,4201,1,0,3.00607708333333,0.0240255416666667,3.030102625
reblock420,4200,4201,Partial FR (DD),OPTIMAL,4201,1,0,2.97462579166667,0.026305875,3.00093166666667
neos-3634244-kauru,4376,4377,Affine FR,OPTIMAL,4178,0.954535069682431,1,1.14639925,1.69339604166667,2.83979529166667
neos-3634244-kauru,4376,4377,Partial FR (D),OPTIMAL,4377,1,0,4.02939204166667,0.02771375,4.05710579166667
neos-3634244-kauru,4376,4377,Partial FR (DD),OPTIMAL,4377,1,0,3.97654291666667,0.037345,4.01388791666667
milo-v12-6-r1-58-1,4440,4441,Affine FR,OPTIMAL,3002,0.675973879756812,1,0.102786916666667,1.83562804166667,1.93841495833333
milo-v12-6-r1-58-1,4440,4441,Partial FR (D),OPTIMAL,4441,1,0,3.421027375,0.025452875,3.44648025
milo-v12-6-r1-58-1,4440,4441,Partial FR (DD),OPTIMAL,4441,1,0,3.50291016666667,0.0286271666666667,3.53153733333333
neos-1601936,4446,4447,Affine FR,OPTIMAL,3001,0.674836968742973,1,0.84835425,1.76886691666667,2.61722116666667
neos-1601936,4446,4447,Partial FR (D),OPTIMAL,3673,0.825950078704745,1,4.37636958333333,1.69192245833333,6.06829204166667
neos-1601936,4446,4447,Partial FR (DD),OPTIMAL,3673,0.825950078704745,1,3.98305391666667,1.679594625,5.66264854166667
nexp-150-20-1-5,4470,4471,Affine FR,OPTIMAL,4413,0.987027510624021,1,0.068499125,1.64948154166667,1.71798066666667
nexp-150-20-1-5,4470,4471,Partial FR (D),OPTIMAL,4471,1,0,3.24331045833333,0.029833625,3.27314408333333
nexp-150-20-1-5,4470,4471,Partial FR (DD),OPTIMAL,4471,1,0,3.26966566666667,0.0302407083333333,3.299906375
bnatt500,4500,4501,Affine FR,OPTIMAL,2530,0.562097311708509,1,0.0925196666666667,0.0785675833333333,0.17108725
bnatt500,4500,4501,Partial FR (D),OPTIMAL,2530,0.562097311708509,1,3.30863566666667,0.0562842916666667,3.36491995833333
bnatt500,4500,4501,Partial FR (DD),OPTIMAL,2530,0.562097311708509,1,3.262961625,0.065455625,3.32841725
neos-1516309,4500,4501,Affine FR,OPTIMAL,4501,1,0,0.04486775,0.0277077083333333,0.0725754583333333
neos-1516309,4500,4501,Partial FR (D),OPTIMAL,4501,1,0,3.25448579166667,0.0263836666666667,3.28086945833333
neos-1516309,4500,4501,Partial FR (DD),OPTIMAL,4501,1,0,3.315300625,0.0275753333333333,3.34287595833333
neos-1599274,4500,4501,Affine FR,OPTIMAL,4501,1,0,0.0493570833333333,0.0281147916666667,0.077471875
neos-1599274,4500,4501,Partial FR (D),OPTIMAL,4501,1,0,3.27691695833333,0.0261290416666667,3.303046
neos-1599274,4500,4501,Partial FR (DD),OPTIMAL,4501,1,0,3.28750108333333,0.0278072916666667,3.315308375
neos-595904,4508,4509,Affine FR,OPTIMAL,4357,0.96628964293635,1,0.143192083333333,1.82422358333333,1.96741566666667
neos-595904,4508,4509,Partial FR (D),OPTIMAL,4509,1,0,3.31418229166667,0.0268464166666667,3.34102870833333
neos-595904,4508,4509,Partial FR (DD),OPTIMAL,4509,1,0,3.45698516666667,0.03,3.48698516666667
eil33-2,4516,4517,Affine FR,OPTIMAL,4485,0.992915651981404,1,0.277216208333333,1.88651254166667,2.16372875
eil33-2,4516,4517,Partial FR (D),OPTIMAL,4517,1,0,3.66993854166667,0.0275435,3.69748204166667
eil33-2,4516,4517,Partial FR (DD),OPTIMAL,4517,1,0,3.43031154166667,0.0316436666666667,3.46195520833333
peg-solitaire-a3,4552,4553,Affine FR,OPTIMAL,3186,0.69975840105425,1,0.289934583333333,1.94554233333333,2.23547691666667
peg-solitaire-a3,4552,4553,Partial FR (D),OPTIMAL,4552,0.999780364594773,1,4.03694404166667,0.08642325,4.12336729166667
peg-solitaire-a3,4552,4553,Partial FR (DD),OPTIMAL,4516,0.991873490006589,1,5.17720408333333,1.64070604166667,6.817910125
neos-831188,4612,4613,Affine FR,OPTIMAL,3487,0.755907218729677,1,0.0790075416666667,1.95405075,2.03305829166667
neos-831188,4612,4613,Partial FR (D),OPTIMAL,4613,1,0,3.64857491666667,0.0291687083333333,3.677743625
neos-831188,4612,4613,Partial FR (DD),OPTIMAL,4613,1,0,3.80576495833333,0.0290430416666667,3.834808
neos-3762025-ognon,4673,4674,Affine FR,OPTIMAL,3719,0.795678219940094,1,0.143931583333333,1.889093125,2.03302470833333
neos-3762025-ognon,4673,4674,Partial FR (D),OPTIMAL,4674,1,0,3.72711795833333,0.0307426666666667,3.757860625
neos-3762025-ognon,4673,4674,Partial FR (DD),OPTIMAL,4674,1,0,3.740270625,0.0326832083333333,3.77295383333333
neos-3660371-kurow,4722,4723,Affine FR,OPTIMAL,2749,0.582045310184205,1,0.0137123333333333,2.039884625,2.05359695833333
neos-3660371-kurow,4722,4723,Partial FR (D),OPTIMAL,4723,1,0,3.60005275,0.0305285833333333,3.63058133333333
neos-3660371-kurow,4722,4723,Partial FR (DD),OPTIMAL,4723,1,0,3.56204379166667,0.029198625,3.59124241666667
supportcase41,4725,4726,Affine FR,OPTIMAL,4603,0.973973762166737,1,1.40404625,0.0784515416666667,1.48249779166667
supportcase41,4725,4726,Partial FR (D),OPTIMAL,4686,0.991536182818451,1,4.42664654166667,0.046691,4.47333754166667
supportcase41,4725,4726,Partial FR (DD),OPTIMAL,4686,0.991536182818451,1,4.54273883333333,0.0432922916666667,4.586031125
neos-3065804-namu,4741,4742,Affine FR,OPTIMAL,3646,0.768873892872206,1,1.25448404166667,2.16049145833333,3.4149755
neos-3065804-namu,4741,4742,Partial FR (D),OPTIMAL,4742,1,0,4.80084333333333,0.03572375,4.83656708333333
neos-3065804-namu,4741,4742,Partial FR (DD),OPTIMAL,4742,1,0,4.732084625,0.036807625,4.76889225
neos-3083784-nive,4779,4780,Affine FR,OPTIMAL,3987,0.834100418410042,1,0.0334709583333333,2.202876125,2.23634708333333
neos-3083784-nive,4779,4780,Partial FR (D),OPTIMAL,4600,0.96234309623431,1,5.83599716666667,1.78418625,7.62018341666667
neos-3083784-nive,4779,4780,Partial FR (DD),OPTIMAL,4515,0.944560669456067,1,3.92452429166667,1.857889375,5.78241366666667
bppc6-02,4784,4785,Affine FR,OPTIMAL,4764,0.995611285266458,1,0.169406708333333,2.31437829166667,2.483785
bppc6-02,4784,4785,Partial FR (D),OPTIMAL,4785,1,0,3.65334691666667,0.030454875,3.68380179166667
bppc6-02,4784,4785,Partial FR (DD),OPTIMAL,4785,1,0,3.734383125,0.0312599166666667,3.76564304166667
neos-885086,4860,4861,Affine FR,OPTIMAL,4861,1,0,0.0610351666666667,0.0723145833333333,0.13334975
neos-885086,4860,4861,Partial FR (D),OPTIMAL,4861,1,0,3.86428254166667,0.0370839166666667,3.90136645833333
neos-885086,4860,4861,Partial FR (DD),OPTIMAL,4861,1,0,3.83198925,0.0365897083333333,3.86857895833333
misc04inf,4897,4898,Affine FR,OPTIMAL,4315,0.88097182523479,1,0.340032208333333,2.2829855,2.62301770833333
misc04inf,4897,4898,Partial FR (D),OPTIMAL,4898,1,0,4.602863375,0.0331329166666667,4.63599629166667
misc04inf,4897,4898,Partial FR (DD),OPTIMAL,4898,1,0,4.69447391666667,0.03315675,4.72763066666667
h50x2450,4900,4901,Affine FR,OPTIMAL,4803,0.980004080799837,1,0.0355135833333333,2.31448708333333,2.35000066666667
h50x2450,4900,4901,Partial FR (D),OPTIMAL,4901,1,0,4.04617754166667,0.0317747083333333,4.07795225
h50x2450,4900,4901,Partial FR (DD),OPTIMAL,4901,1,0,4.09304058333333,0.032102375,4.12514295833333
neos-1171448,4914,4915,Affine FR,OPTIMAL,4915,1,0,0.0407637916666667,0.0742799166666667,0.115043708333333
neos-1171448,4914,4915,Partial FR (D),OPTIMAL,4915,1,0,3.912504,0.0331801666666667,3.94568416666667
neos-1171448,4914,4915,Partial FR (DD),OPTIMAL,4915,1,0,3.87087591666667,0.0340773333333333,3.90495325
neos-1420790,4926,4927,Affine FR,OPTIMAL,2647,0.537243758879643,1,0.020602125,2.32695691666667,2.34755904166667
neos-1420790,4926,4927,Partial FR (D),OPTIMAL,4927,1,0,3.885562125,0.032943,3.918505125
neos-1420790,4926,4927,Partial FR (DD),OPTIMAL,4927,1,0,3.91760808333333,0.03680675,3.95441483333333
neos-5075914-elvire,5003,5004,Affine FR,OPTIMAL,3768,0.752997601918465,1,0.0822792083333333,2.55095825,2.63323745833333
neos-5075914-elvire,5003,5004,Partial FR (D),OPTIMAL,5004,1,0,4.30294495833333,0.03851725,4.34146220833333
neos-5075914-elvire,5003,5004,Partial FR (DD),OPTIMAL,5004,1,0,4.26127858333333,0.036671875,4.29795045833333
neos-1122047,5100,5101,Affine FR,OPTIMAL,5101,1,0,0.665865958333333,0.0598269166666667,0.725692875
neos-1122047,5100,5101,Partial FR (D),OPTIMAL,5101,1,0,5.258793375,0.0357203333333333,5.29451370833333
neos-1122047,5100,5101,Partial FR (DD),OPTIMAL,5101,1,0,5.4516755,0.0423048333333333,5.49398033333333
neos-3116779-oban,5141,5142,Affine FR,OPTIMAL,5141,0.999805523142746,1,0.31598225,2.588818625,2.904800875
neos-3116779-oban,5141,5142,Partial FR (D),OPTIMAL,5142,1,0,4.224729,0.0350369166666667,4.25976591666667
neos-3116779-oban,5141,5142,Partial FR (DD),OPTIMAL,5142,1,0,4.2152535,0.036231125,4.251484625
fhnw-schedule-paira100,5150,5151,Affine FR,OPTIMAL,5124,0.994758299359348,1,0.0904473333333333,0.12805175,0.218499083333333
fhnw-schedule-paira100,5150,5151,Partial FR (D),OPTIMAL,5124,0.994758299359348,1,4.2650445,0.075514,4.3405585
fhnw-schedule-paira100,5150,5151,Partial FR (DD),OPTIMAL,5124,0.994758299359348,1,4.28493391666667,0.0781971666666667,4.36313108333333
momentum1,5174,5175,Affine FR,OPTIMAL,3088,0.596714975845411,1,0.375783958333333,2.9267755,3.30255945833333
momentum1,5174,5175,Partial FR (D),OPTIMAL,4508,0.871111111111111,1,4.86266683333333,2.62141558333333,7.48408241666667
momentum1,5174,5175,Partial FR (DD),OPTIMAL,4494,0.868405797101449,1,5.037468125,2.692557625,7.73002575
neos-1324574,5256,5257,Affine FR,OPTIMAL,4645,0.883583793037854,1,0.0520519166666667,2.8980795,2.95013141666667
neos-1324574,5256,5257,Partial FR (D),OPTIMAL,5257,1,0,4.63777333333333,0.0432014166666667,4.68097475
neos-1324574,5256,5257,Partial FR (DD),OPTIMAL,5257,1,0,5.288878625,0.0380042083333333,5.32688283333333
istanbul-no-cutoff,5282,5283,Affine FR,OPTIMAL,5062,0.958167707741813,1,0.2617885,2.88374025,3.14552875
istanbul-no-cutoff,5282,5283,Partial FR (D),OPTIMAL,5283,1,0,4.758160375,0.038169,4.796329375
istanbul-no-cutoff,5282,5283,Partial FR (DD),OPTIMAL,5283,1,0,4.80842291666667,0.0462629166666667,4.85468583333333
berlin,5304,5305,Affine FR,OPTIMAL,5254,0.990386427898209,1,0.0356279166666667,2.66030195833333,2.695929875
berlin,5304,5305,Partial FR (D),OPTIMAL,5305,1,0,4.70008770833333,0.0434855833333333,4.74357329166667
berlin,5304,5305,Partial FR (DD),OPTIMAL,5305,1,0,4.68019120833333,0.0477897083333333,4.72798091666667
mkc,5325,5326,Affine FR,OPTIMAL,5324,0.999624483665039,1,0.102067708333333,2.73174916666667,2.833816875
mkc,5325,5326,Partial FR (D),OPTIMAL,5326,1,0,4.61789725,0.03912075,4.657018
mkc,5325,5326,Partial FR (DD),OPTIMAL,5326,1,0,4.693329625,0.03896775,4.732297375
mkc1,5325,5326,Affine FR,OPTIMAL,5324,0.999624483665039,1,0.106056833333333,2.7194955,2.82555233333333
mkc1,5325,5326,Partial FR (D),OPTIMAL,5326,1,0,4.560366875,0.038348,4.598714875
mkc1,5325,5326,Partial FR (DD),OPTIMAL,5326,1,0,4.56705445833333,0.0412823333333333,4.60833679166667
var-smallemery-m6j6,5608,5609,Affine FR,OPTIMAL,5608,0.999821715100731,1,2.88660025,0.1576905,3.04429075
var-smallemery-m6j6,5608,5609,Partial FR (D),OPTIMAL,5609,1,0,7.04525279166667,0.0441935833333333,7.089446375
var-smallemery-m6j6,5608,5609,Partial FR (DD),OPTIMAL,5609,1,0,6.748927625,0.050115875,6.7990435
milo-v12-6-r1-75-1,5698,5699,Affine FR,OPTIMAL,3852,0.675908054044569,1,0.147662958333333,3.611022,3.75868495833333
milo-v12-6-r1-75-1,5698,5699,Partial FR (D),OPTIMAL,5699,1,0,5.83113945833333,0.0451490416666667,5.8762885
milo-v12-6-r1-75-1,5698,5699,Partial FR (DD),OPTIMAL,5699,1,0,5.76581441666667,0.0475795,5.81339391666667
bley_xl1,5831,5832,Affine FR,OPTIMAL,3695,0.633573388203018,1,4.13986725,3.929341375,8.069208625
bley_xl1,5831,5832,Partial FR (D),OPTIMAL,5832,1,0,11.8034469583333,0.0447068333333333,11.8481537916667
bley_xl1,5831,5832,Partial FR (DD),OPTIMAL,5818,0.997599451303155,1,7.634389375,2.71790291666667,10.3522922916667
neos-826650,5912,5913,Affine FR,OPTIMAL,4197,0.709791983764587,1,0.0662295,3.73603083333333,3.80226033333333
neos-826650,5912,5913,Partial FR (D),OPTIMAL,5913,1,0,6.132728375,0.047552875,6.18028125
neos-826650,5912,5913,Partial FR (DD),OPTIMAL,5913,1,0,6.28048445833333,0.0550896666666667,6.335574125
p500x2988,5976,5977,Affine FR,OPTIMAL,5478,0.916513300987117,1,0.066790375,3.43581104166667,3.50260141666667
p500x2988,5976,5977,Partial FR (D),OPTIMAL,5977,1,0,6.193472,0.054512375,6.247984375
p500x2988,5976,5977,Partial FR (DD),OPTIMAL,5977,1,0,6.30554733333333,0.0516115,6.35715883333333
p500x2988c,5976,5977,Affine FR,OPTIMAL,5478,0.916513300987117,1,0.071524875,3.43129345833333,3.50281833333333
p500x2988c,5976,5977,Partial FR (D),OPTIMAL,5977,1,0,5.92549695833333,0.049930875,5.97542783333333
p500x2988c,5976,5977,Partial FR (DD),OPTIMAL,5977,1,0,5.951597,0.0489756666666667,6.00057266666667
p500x2988d,5976,5977,Affine FR,OPTIMAL,5478,0.916513300987117,1,0.0725479166666667,3.50996304166667,3.58251095833333
p500x2988d,5976,5977,Partial FR (D),OPTIMAL,5977,1,0,5.96050358333333,0.0472784583333333,6.00778204166667
p500x2988d,5976,5977,Partial FR (DD),OPTIMAL,5977,1,0,5.918063125,0.048191625,5.96625475
cap6000,6000,6001,Affine FR,OPTIMAL,5878,0.979503416097317,1,0.219788625,3.83421175,4.054000375
cap6000,6000,6001,Partial FR (D),OPTIMAL,6001,1,0,5.95420391666667,0.049792625,6.00399654166667
cap6000,6000,6001,Partial FR (DD),OPTIMAL,6001,1,0,6.17316766666667,0.0621990833333333,6.23536675
blp-ir98,6097,6098,Affine FR,OPTIMAL,6029,0.988684814693342,1,0.561220416666667,4.01967225,4.58089266666667
blp-ir98,6097,6098,Partial FR (D),OPTIMAL,6098,1,0,6.399889375,0.0535850416666667,6.45347441666667
blp-ir98,6097,6098,Partial FR (DD),OPTIMAL,6098,1,0,6.398923875,0.057547625,6.4564715
neos-3695882-vesdre,6135,6136,Affine FR,OPTIMAL,5927,0.965938722294654,1,0.693688208333333,4.23256758333333,4.92625579166667
neos-3695882-vesdre,6135,6136,Partial FR (D),OPTIMAL,6136,1,0,6.3545565,0.0505183333333333,6.40507483333333
neos-3695882-vesdre,6135,6136,Partial FR (DD),OPTIMAL,6136,1,0,6.39644720833333,0.0531369166666667,6.449584125
neos-4960896-besbre,6149,6150,Affine FR,OPTIMAL,6105,0.992682926829268,1,0.132139416666667,4.22403808333333,4.3561775
neos-4960896-besbre,6149,6150,Partial FR (D),OPTIMAL,6150,1,0,7.38760029166667,0.0542029583333333,7.44180325
neos-4960896-besbre,6149,6150,Partial FR (DD),OPTIMAL,6150,1,0,7.578122,0.05341325,7.63153525
opm2-z10-s4,6250,6251,Affine FR,OPTIMAL,6251,1,0,0.443529333333333,0.121793958333333,0.565323291666667
opm2-z10-s4,6250,6251,Partial FR (D),OPTIMAL,6251,1,0,6.87957741666667,0.06316475,6.94274216666667
opm2-z10-s4,6250,6251,Partial FR (DD),OPTIMAL,6251,1,0,6.88579020833333,0.0622469583333333,6.94803716666667
atm20-100,6480,6481,Affine FR,OPTIMAL,4441,0.685233760222188,1,0.470546083333333,4.28909491666667,4.759641
atm20-100,6480,6481,Partial FR (D),OPTIMAL,6481,1,0,7.398168375,0.0594149583333333,7.45758333333333
atm20-100,6480,6481,Partial FR (DD),OPTIMAL,6481,1,0,7.255902875,0.075176375,7.33107925
neos-3761878-oglio,6489,6490,Affine FR,OPTIMAL,5023,0.773959938366718,1,0.224983666666667,4.41002208333333,4.63500575
neos-3761878-oglio,6489,6490,Partial FR (D),OPTIMAL,6490,1,0,7.16871308333333,0.058022625,7.22673570833333
neos-3761878-oglio,6489,6490,Partial FR (DD),OPTIMAL,6490,1,0,7.36241329166667,0.0676681666666667,7.43008145833333
neos-4382714-ruvuma,6562,6563,Affine FR,OPTIMAL,3841,0.585250647569709,1,0.304451,4.90061620833333,5.20506720833333
neos-4382714-ruvuma,6562,6563,Partial FR (D),OPTIMAL,6563,1,0,7.160718875,0.063425625,7.2241445
neos-4382714-ruvuma,6562,6563,Partial FR (DD),OPTIMAL,6563,1,0,7.388262875,0.0661693333333333,7.45443220833333
brasil,6612,6613,Affine FR,OPTIMAL,6556,0.991380613942235,1,0.0559649583333333,4.39213808333333,4.44810304166667
brasil,6612,6613,Partial FR (D),OPTIMAL,6613,1,0,7.447235875,0.0653347083333333,7.51257058333333
brasil,6612,6613,Partial FR (DD),OPTIMAL,6613,1,0,7.29700091666667,0.0606569583333333,7.357657875
nsrand-ipx,6621,6622,Affine FR,OPTIMAL,6622,1,0,0.266894708333333,0.091362125,0.358256833333333
nsrand-ipx,6621,6622,Partial FR (D),OPTIMAL,6622,1,0,7.38077741666667,0.0601368333333333,7.44091425
nsrand-ipx,6621,6622,Partial FR (DD),OPTIMAL,6622,1,0,7.46986670833333,0.0608101666666667,7.530676875
ab71-20-100,6689,6690,Affine FR,OPTIMAL,6690,1,0,0.0343950416666667,0.123057125,0.157452166666667
ab71-20-100,6689,6690,Partial FR (D),OPTIMAL,6690,1,0,7.24190729166667,0.0601446666666667,7.30205195833333
ab71-20-100,6689,6690,Partial FR (DD),OPTIMAL,6690,1,0,7.15653270833333,0.0610747083333333,7.21760741666667
leo1,6731,6732,Affine FR,OPTIMAL,3623,0.53817587641117,1,0.686023541666667,5.25804820833333,5.94407175
leo1,6731,6732,Partial FR (D),OPTIMAL,6732,1,0,7.280823375,0.0633642083333333,7.34418758333333
leo1,6731,6732,Partial FR (DD),OPTIMAL,6732,1,0,7.379819375,0.06567025,7.445489625
supportcase25,6769,6770,Affine FR,OPTIMAL,3601,0.531905465288035,1,0.108568375,5.05120725,5.159775625
supportcase25,6769,6770,Partial FR (D),OPTIMAL,6770,1,0,7.425761125,0.06411525,7.489876375
supportcase25,6769,6770,Partial FR (DD),OPTIMAL,6770,1,0,7.62114433333333,0.0646160833333333,7.68576041666667
swath,6805,6806,Affine FR,OPTIMAL,6303,0.926094622392007,1,0.45569125,5.22048454166667,5.67617579166667
swath,6805,6806,Partial FR (D),OPTIMAL,6405,0.941081398765795,1,7.99292758333333,0.133001875,8.12592945833333
swath,6805,6806,Partial FR (DD),OPTIMAL,6405,0.941081398765795,1,8.05360683333333,0.12748175,8.18108858333333
swath1,6805,6806,Affine FR,OPTIMAL,6303,0.926094622392007,1,0.387054875,5.13680866666667,5.52386354166667
swath1,6805,6806,Partial FR (D),OPTIMAL,6617,0.972230384954452,1,7.79677504166667,0.10208475,7.89885979166667
swath1,6805,6806,Partial FR (DD),OPTIMAL,6617,0.972230384954452,1,7.97491483333333,0.104066583333333,8.07898141666667
swath2,6805,6806,Affine FR,OPTIMAL,6303,0.926094622392007,1,0.430736375,5.187398125,5.6181345
swath2,6805,6806,Partial FR (D),OPTIMAL,6613,0.971642668233911,1,7.90256141666667,0.108490166666667,8.01105158333333
swath2,6805,6806,Partial FR (DD),OPTIMAL,6613,0.971642668233911,1,8.0523555,0.110580458333333,8.16293595833333
swath3,6805,6806,Affine FR,OPTIMAL,6303,0.926094622392007,1,0.409075833333333,5.29039241666667,5.69946825
swath3,6805,6806,Partial FR (D),OPTIMAL,6597,0.969291801351748,1,7.79246291666667,0.116515875,7.90897879166667
swath3,6805,6806,Partial FR (DD),OPTIMAL,6597,0.969291801351748,1,7.91304220833333,0.10964425,8.02268645833333
roi2alpha3n4,6816,6817,Affine FR,OPTIMAL,6815,0.999706615813408,1,4.15217958333333,4.20149758333333,8.35367716666667
roi2alpha3n4,6816,6817,Partial FR (D),OPTIMAL,6817,1,0,9.24066795833333,0.0644901666666667,9.305158125
roi2alpha3n4,6816,6817,Partial FR (DD),OPTIMAL,6817,1,0,9.19871220833333,0.07442775,9.27313995833333
neos-3218348-suir,7022,7023,Affine FR,OPTIMAL,6903,0.982913284920974,1,0.404878208333333,5.47400354166667,5.87888175
neos-3218348-suir,7022,7023,Partial FR (D),OPTIMAL,7023,1,0,8.26341954166667,0.0731019166666667,8.33652145833333
neos-3218348-suir,7022,7023,Partial FR (DD),OPTIMAL,7023,1,0,8.30936433333333,0.0751892083333333,8.38455354166667
supportcase22,7129,7130,Affine FR,OPTIMAL,6490,0.910238429172511,1,3.27236241666667,4.59588725,7.86824966666667
supportcase22,7129,7130,Partial FR (D),OPTIMAL,7130,1,0,9.62195591666667,0.0704182916666667,9.69237420833333
supportcase22,7129,7130,Partial FR (DD),OPTIMAL,7130,1,0,9.34213675,0.070356375,9.412493125
air05,7195,7196,Affine FR,OPTIMAL,5885,0.817815453029461,1,1.01199641666667,6.05728308333333,7.0692795
air05,7195,7196,Partial FR (D),OPTIMAL,6194,0.860755975541968,1,10.7077564583333,5.81763270833333,16.5253891666667
air05,7195,7196,Partial FR (DD),OPTIMAL,6194,0.860755975541968,1,10.8963069166667,0.156382083333333,11.052689
biella1,7328,7329,Affine FR,OPTIMAL,6132,0.836676217765043,1,0.248816083333333,6.38555845833333,6.63437454166667
biella1,7328,7329,Partial FR (D),OPTIMAL,7329,1,0,9.8717975,0.07566525,9.94746275
biella1,7328,7329,Partial FR (DD),OPTIMAL,7329,1,0,10.2966291666667,0.0741295416666667,10.3707587083333
rmatr100-p10,7359,7360,Affine FR,OPTIMAL,7359,0.999864130434783,1,0.0284899166666667,5.17190945833333,5.200399375
rmatr100-p10,7359,7360,Partial FR (D),OPTIMAL,7360,1,0,8.7132965,0.0681359583333333,8.78143245833333
rmatr100-p10,7359,7360,Partial FR (DD),OPTIMAL,7360,1,0,8.72156533333333,0.0661880416666667,8.787753375
maxgasflow,7437,7438,Affine FR,OPTIMAL,5151,0.692524872277494,1,0.173614958333333,6.89244066666667,7.066055625
maxgasflow,7437,7438,Partial FR (D),OPTIMAL,7438,1,0,9.45879791666667,0.0761621666666667,9.53496008333333
maxgasflow,7437,7438,Partial FR (DD),OPTIMAL,7438,1,0,9.52698525,0.0760500833333333,9.60303533333333
fhnw-binpack4-58,7550,7551,Affine FR,OPTIMAL,6951,0.920540325784664,1,0.517713958333333,6.43832733333333,6.95604129166667
fhnw-binpack4-58,7550,7551,Partial FR (D),OPTIMAL,7551,1,0,9.33917720833333,0.079597875,9.41877508333333
fhnw-binpack4-58,7550,7551,Partial FR (DD),OPTIMAL,6951,0.920540325784664,1,9.602865125,6.352840125,15.95570525
trento1,7687,7688,Affine FR,OPTIMAL,6440,0.837669094693028,1,0.569881083333333,7.05646841666667,7.6263495
trento1,7687,7688,Partial FR (D),OPTIMAL,7688,1,0,11.536602,0.0797009166666667,11.6163029166667
trento1,7687,7688,Partial FR (DD),OPTIMAL,7688,1,0,14.777689,0.0784471666666667,14.8561361666667
neos-4954340-beaury,7850,7851,Affine FR,OPTIMAL,7778,0.990701821424022,1,0.179058291666667,7.27057575,7.44963404166667
neos-4954340-beaury,7850,7851,Partial FR (D),OPTIMAL,7851,1,0,12.0919179583333,0.106856791666667,12.19877475
neos-4954340-beaury,7850,7851,Partial FR (DD),OPTIMAL,7851,1,0,11.9824270833333,0.0846638333333333,12.0670909166667
cdma,7891,7892,Affine FR,OPTIMAL,6583,0.834135833755702,1,0.203350375,7.586293,7.789643375
cdma,7891,7892,Partial FR (D),OPTIMAL,7892,1,0,10.3759548333333,0.088766875,10.4647217083333
cdma,7891,7892,Partial FR (DD),OPTIMAL,7892,1,0,10.3617,0.099205375,10.460905375
n2seq36f,8100,8101,Affine FR,OPTIMAL,8101,1,0,0.0987061666666667,0.1408545,0.239560666666667
n2seq36f,8100,8101,Partial FR (D),OPTIMAL,8101,1,0,11.1984844166667,0.08853275,11.2870171666667
n2seq36f,8100,8101,Partial FR (DD),OPTIMAL,8101,1,0,10.8602699583333,0.089634125,10.9499040833333
neos-3581454-haast,8112,8113,Affine FR,OPTIMAL,7477,0.921607296930852,1,0.146951375,8.09691379166667,8.24386516666667
neos-3581454-haast,8112,8113,Partial FR (D),OPTIMAL,8113,1,0,12.1362800416667,0.090697125,12.2269771666667
neos-3581454-haast,8112,8113,Partial FR (DD),OPTIMAL,8113,1,0,12.2569681666667,0.091619,12.3485871666667
neos-3209519-ruhr,8675,8676,Affine FR,OPTIMAL,8001,0.922199170124481,1,0.129302541666667,9.348935625,9.47823816666667
neos-3209519-ruhr,8675,8676,Partial FR (D),OPTIMAL,8676,1,0,13.1166288333333,0.122031125,13.2386599583333
neos-3209519-ruhr,8675,8676,Partial FR (DD),OPTIMAL,8676,1,0,13.209795625,0.109974375,13.31977
neos-1067731,8779,8780,Affine FR,OPTIMAL,5311,0.604897494305239,1,2.14395083333333,10.61484575,12.7587965833333
neos-1067731,8779,8780,Partial FR (D),OPTIMAL,8780,1,0,14.5365035833333,0.112153625,14.6486572083333
neos-1067731,8779,8780,Partial FR (DD),OPTIMAL,8780,1,0,14.267858375,0.114714875,14.38257325
rmatr100-p5,8784,8785,Affine FR,OPTIMAL,8784,0.999886169607285,1,0.0362415,7.75186304166667,7.78810454166667
rmatr100-p5,8784,8785,Partial FR (D),OPTIMAL,8785,1,0,12.6886489166667,0.106462333333333,12.79511125
rmatr100-p5,8784,8785,Partial FR (DD),OPTIMAL,8785,1,0,12.5642352916667,0.112225041666667,12.6764603333333
neos6,8786,8787,Affine FR,OPTIMAL,8564,0.974621600091044,1,0.377767041666667,9.57672733333333,9.954494375
neos6,8786,8787,Partial FR (D),OPTIMAL,8787,1,0,12.6239143333333,0.103812333333333,12.7277266666667
neos6,8786,8787,Partial FR (DD),OPTIMAL,8787,1,0,12.7005961666667,0.120837666666667,12.8214338333333
neos-3703351-marne,8827,8828,Affine FR,OPTIMAL,7299,0.826801087449026,1,0.276291541666667,9.33462216666667,9.61091370833333
neos-3703351-marne,8827,8828,Partial FR (D),OPTIMAL,8828,1,0,13.3149587083333,0.113035125,13.4279938333333
neos-3703351-marne,8827,8828,Partial FR (DD),OPTIMAL,8828,1,0,13.232406125,0.119604583333333,13.3520107083333
air04,8904,8905,Affine FR,OPTIMAL,6545,0.734980348119034,1,2.89265366666667,9.83012379166667,12.7227774583333
air04,8904,8905,Partial FR (D),OPTIMAL,7099,0.797192588433464,1,17.10474325,9.73690270833333,26.8416459583333
air04,8904,8905,Partial FR (DD),OPTIMAL,7099,0.797192588433464,1,17.4367878333333,9.78832704166667,27.225114875
neos-983171,8965,8966,Affine FR,OPTIMAL,8808,0.982377871960741,1,0.0935119583333333,9.88307408333333,9.97658604166667
neos-983171,8965,8966,Partial FR (D),OPTIMAL,8966,1,0,13.2668891666667,0.116645833333333,13.383535
neos-983171,8965,8966,Partial FR (DD),OPTIMAL,8966,1,0,12.960907,0.119045166666667,13.0799521666667
neos-738098,9093,9094,Affine FR,OPTIMAL,8452,0.929404002639103,1,0.467504291666667,10.5671030416667,11.0346073333333
neos-738098,9093,9094,Partial FR (D),OPTIMAL,9094,1,0,15.8317047083333,0.135180666666667,15.966885375
neos-738098,9093,9094,Partial FR (DD),OPTIMAL,9094,1,0,16.2479010833333,0.114467083333333,16.3623681666667
tanglegram6,9182,9183,Affine FR,OPTIMAL,9183,1,0,0.08209875,0.205342125,0.287440875
tanglegram6,9182,9183,Partial FR (D),OPTIMAL,9183,1,0,14.0475233333333,0.116154458333333,14.1636777916667
tanglegram6,9182,9183,Partial FR (DD),OPTIMAL,9183,1,0,13.944922125,0.118090333333333,14.0630124583333
chromaticindex128-5,9216,9217,Affine FR,OPTIMAL,6914,0.750135618964956,1,0.155174083333333,10.879579,11.0347530833333
chromaticindex128-5,9216,9217,Partial FR (D),OPTIMAL,9217,1,0,13.9038130833333,0.120294416666667,14.0241075
chromaticindex128-5,9216,9217,Partial FR (DD),OPTIMAL,9217,1,0,13.9302924583333,0.120663375,14.0509558333333
ta2-UUE,9241,9242,Affine FR,OPTIMAL,6782,0.733823847652023,1,0.135073375,10.8281045416667,10.9631779166667
ta2-UUE,9241,9242,Partial FR (D),OPTIMAL,9242,1,0,14.8444800416667,0.115590208333333,14.96007025
ta2-UUE,9241,9242,Partial FR (DD),OPTIMAL,9242,1,0,14.9274284166667,0.120668416666667,15.0480968333333
neos-4343293-stony,9400,9401,Affine FR,OPTIMAL,8769,0.932773109243697,1,0.216521125,10.13863775,10.355158875
neos-4343293-stony,9400,9401,Partial FR (D),OPTIMAL,9401,1,0,14.7268579166667,0.121659625,14.8485175416667
neos-4343293-stony,9400,9401,Partial FR (DD),OPTIMAL,9401,1,0,14.7962534166667,0.135953666666667,14.9322070833333
neos-820879,9522,9523,Affine FR,OPTIMAL,7971,0.837026147222514,1,0.652615166666667,11.6981492083333,12.350764375
neos-820879,9522,9523,Partial FR (D),OPTIMAL,8167,0.857607896671217,1,17.7308305833333,0.268128833333333,17.9989594166667
neos-820879,9522,9523,Partial FR (DD),OPTIMAL,8167,0.857607896671217,1,17.6087771666667,11.5909937083333,29.199770875
transportmoment,9685,9686,Affine FR,OPTIMAL,4952,0.511253355358249,1,0.71107375,13.956046625,14.667120375
transportmoment,9685,9686,Partial FR (D),OPTIMAL,9686,1,0,17.6739790416667,0.129131833333333,17.803110875
transportmoment,9685,9686,Partial FR (DD),OPTIMAL,9686,1,0,87.9501475833333,0.137141541666667,88.087289125
neos-935769,9799,9800,Affine FR,OPTIMAL,9661,0.985816326530612,1,0.091236125,12.5396444166667,12.6308805416667
neos-935769,9799,9800,Partial FR (D),OPTIMAL,9800,1,0,16.0518095,0.133587958333333,16.1853974583333
neos-935769,9799,9800,Partial FR (DD),OPTIMAL,9800,1,0,15.5001069166667,0.133921166666667,15.6340280833333
neos-4647027-thurso,9800,9801,Affine FR,OPTIMAL,7001,0.714314865830017,1,6.201805875,13.0608456666667,19.2626515416667
neos-4647027-thurso,9800,9801,Partial FR (D),OPTIMAL,9801,1,0,19.1545499166667,0.129871916666667,19.2844218333333
neos-4647027-thurso,9800,9801,Partial FR (DD),OPTIMAL,9801,1,0,18.7462532083333,0.138701458333333,18.8849546666667
blp-ic97,9845,9846,Affine FR,OPTIMAL,8358,0.848872638634979,1,1.08832825,13.0465840416667,14.1349122916667
blp-ic97,9845,9846,Partial FR (D),OPTIMAL,8450,0.858216534633354,1,16.2270677916667,0.305775291666667,16.5328430833333
blp-ic97,9845,9846,Partial FR (DD),OPTIMAL,8450,0.858216534633354,1,16.2916850416667,0.254634875,16.5463199166667
neos-498623,9861,9862,Affine FR,OPTIMAL,9715,0.985094301358751,1,0.258908625,12.5908328333333,12.8497414583333
neos-498623,9861,9862,Partial FR (D),OPTIMAL,9862,1,0,16.2154042916667,0.13403975,16.3494440416667
neos-498623,9861,9862,Partial FR (DD),OPTIMAL,9862,1,0,16.0609921666667,0.175346625,16.2363387916667
disctom,10000,10001,Affine FR,OPTIMAL,9601,0.96000399960004,1,1.02635370833333,14.3107285,15.3370822083333
disctom,10000,10001,Partial FR (D),OPTIMAL,9993,0.999200079992001,1,18.573696625,0.289077291666667,18.8627739166667
disctom,10000,10001,Partial FR (DD),OPTIMAL,9992,0.999100089991001,1,19.2473300416667,10.883799625,30.1311296666667
n3700,10000,10001,Affine FR,OPTIMAL,9852,0.985101489851015,1,0.403029208333333,11.8458804166667,12.248909625
n3700,10000,10001,Partial FR (D),OPTIMAL,10001,1,0,17.1992472916667,0.145552375,17.3447996666667
n3700,10000,10001,Partial FR (DD),OPTIMAL,10001,1,0,17.3180917083333,0.139065875,17.4571575833333
n3705,10000,10001,Affine FR,OPTIMAL,9852,0.985101489851015,1,0.3380985,11.9536643333333,12.2917628333333
n3705,10000,10001,Partial FR (D),OPTIMAL,10001,1,0,17.276154125,0.14423475,17.420388875
n3705,10000,10001,Partial FR (DD),OPTIMAL,10001,1,0,17.333540125,0.139373083333333,17.4729132083333
n3707,10000,10001,Affine FR,OPTIMAL,9852,0.985101489851015,1,0.187565625,11.6667069166667,11.8542725416667
n3707,10000,10001,Partial FR (D),OPTIMAL,10001,1,0,16.6330951666667,0.154203041666667,16.7872982083333
n3707,10000,10001,Partial FR (DD),OPTIMAL,10001,1,0,17.0060308333333,0.1768655,17.1828963333333
n3709,10000,10001,Affine FR,OPTIMAL,9852,0.985101489851015,1,0.182965,11.6323226666667,11.8152876666667
n3709,10000,10001,Partial FR (D),OPTIMAL,10001,1,0,16.8693267083333,0.136456083333333,17.0057827916667
n3709,10000,10001,Partial FR (DD),OPTIMAL,10001,1,0,17.1955009583333,0.147732,17.3432329583333
n370b,10000,10001,Affine FR,OPTIMAL,9852,0.985101489851015,1,0.191115083333333,11.752866875,11.9439819583333
n370b,10000,10001,Partial FR (D),OPTIMAL,10001,1,0,16.5585084166667,0.13756125,16.6960696666667
n370b,10000,10001,Partial FR (DD),OPTIMAL,10001,1,0,17.3107972083333,0.137954791666667,17.448752
wnq-n100-mw99-14,10000,10001,Affine FR,OPTIMAL,10001,1,0,2.52988633333333,0.237363333333333,2.76724966666667
wnq-n100-mw99-14,10000,10001,Partial FR (D),OPTIMAL,10001,1,0,18.317876875,0.136547125,18.454424
wnq-n100-mw99-14,10000,10001,Partial FR (DD),OPTIMAL,10001,1,0,18.0854351666667,0.139144666666667,18.2245798333333
